{"logTime": "0929/125405", "level": "INFO", "message": "UserPrefStore loaded: error=NO_FILE (6)"}
{"logTime": "0929/125405", "level": "INFO", "message": "Preference changed: name=edge_vpn.enabled_globally, new_value=true, source=unknown"}
{"logTime": "0929/125405", "level": "INFO", "message": "Preference changed: name=edge_vpn.available, new_value=true, source=unknown"}
{"logTime": "0929/125405", "level": "INFO", "message": "Preference changed: name=profile_network_context_service.http_cache_finch_experiment_groups, new_value=\"None None None None\", source=unknown"}
{"logTime": "0929/125405", "level": "INFO", "message": "Preference changed: name=enterprise_profile_guid, new_value=\"5ff45abf-ceb4-4f35-8ebc-804fbf9215a4\", source=unknown"}
{"logTime": "0929/125405", "level": "INFO", "message": "Preference changed: name=extensions.last_chrome_version, new_value=\"154.0.4258.37\", source=unknown"}
{"logTime": "0929/125405", "level": "INFO", "message": "Preference changed: name=gaia_cookie.periodic_report_time_2, new_value=\"13435160045634769\", source=unknown"}
{"logTime": "0929/125405", "level": "INFO", "message": "Preference changed: name=optimization_guide.previously_registered_optimization_types, new_value=[object], source=unknown"}
{"logTime": "0929/125405", "level": "INFO", "message": "Preference changed: name=user_experience_metrics.personalization_data_consent_enabled_last_known_value, new_value=false, source=unknown"}
{"logTime": "0929/125405", "level": "INFO", "message": "Preference changed: name=profile.background_password_check, new_value=[object], source=unknown"}
{"logTime": "0929/125405", "level": "INFO", "message": "Preference changed: name=extensions.chrome_url_overrides, new_value=[object], source=unknown"}
{"logTime": "0929/125405", "level": "INFO", "message": "Preference changed: name=browser.recent_theme_color_list, new_value=[object], source=unknown"}
{"logTime": "0929/125405", "level": "INFO", "message": "Preference changed: name=browser.mai_ds_default_theme_type, new_value=1, source=unknown"}
{"logTime": "0929/125405", "level": "INFO", "message": "Preference changed: name=browser.color_theme_user_on_first_check, new_value=false, source=unknown"}
{"logTime": "0929/125405", "level": "INFO", "message": "Preference changed: name=browser.has_used_default_theme, new_value=true, source=unknown"}
{"logTime": "0929/125405", "level": "INFO", "message": "Preference changed: name=omnibox.work_organization_name.name, new_value=\"\", source=unknown"}
{"logTime": "0929/125405", "level": "INFO", "message": "Preference changed: name=countryid_at_install, new_value=20552, source=unknown"}
{"logTime": "0929/125405", "level": "INFO", "message": "Preference changed: name=reset_prepopulated_engines, new_value=false, source=unknown"}
{"logTime": "0929/125405", "level": "INFO", "message": "Preference changed: name=sessions.session_data_status, new_value=1, source=unknown"}
{"logTime": "0929/125405", "level": "INFO", "message": "Preference changed: name=sessions.event_log, new_value=[object], source=unknown"}
{"logTime": "0929/125405", "level": "INFO", "message": "Preference changed: name=optimization_guide.previously_registered_optimization_types, new_value=[object], source=unknown"}
{"logTime": "0929/125405", "level": "INFO", "message": "Preference changed: name=optimization_guide.previously_registered_optimization_types, new_value=[object], source=unknown"}
{"logTime": "0929/125405", "level": "INFO", "message": "Preference changed: name=optimization_guide.previously_registered_optimization_types, new_value=[object], source=unknown"}
{"logTime": "0929/125405", "level": "INFO", "message": "Preference changed: name=custom_links.list, new_value=[object], source=unknown"}
{"logTime": "0929/125405", "level": "INFO", "message": "Preference changed: name=browser.edge_sidebar_visibility, new_value=[object], source=unknown"}
{"logTime": "0929/125405", "level": "INFO", "message": "Preference changed: name=browser.edge_sidebar_visibility, new_value=[object], source=unknown"}
{"logTime": "0929/125405", "level": "INFO", "message": "Preference changed: name=saved_tab_groups.did_enable_shared_tab_groups_in_last_session, new_value=false, source=unknown"}
{"logTime": "0929/125405", "level": "INFO", "message": "Preference changed: name=optimization_guide.previously_registered_optimization_types, new_value=[object], source=unknown"}
{"logTime": "0929/125405", "level": "INFO", "message": "Preference changed: name=spellcheck.dictionaries, new_value=[object], source=unknown"}
{"logTime": "0929/125405", "level": "INFO", "message": "Preference changed: name=spellcheck.dictionary, new_value=\"\", source=unknown"}
{"logTime": "0929/125405", "level": "INFO", "message": "Preference changed: name=sync.edge_account_type, new_value=0, source=unknown"}
{"logTime": "0929/125405", "level": "INFO", "message": "Preference changed: name=sync.encryption_bootstrap_token_per_account_migration_done, new_value=true, source=unknown"}
{"logTime": "0929/125405", "level": "INFO", "message": "Preference changed: name=optimization_guide.previously_registered_optimization_types, new_value=[object], source=unknown"}
{"logTime": "0929/125405", "level": "INFO", "message": "Preference changed: name=safety_hub.unused_site_permissions_revocation.migration_completed, new_value=true, source=unknown"}
{"logTime": "0929/125405", "level": "INFO", "message": "Preference changed: name=edge_pinning_campaign.precomputed_campaign_data, new_value=[object], source=unknown"}
{"logTime": "0929/125405", "level": "INFO", "message": "Preference changed: name=profile.created_by_version, new_value=\"154.0.4258.37\", source=unknown"}
{"logTime": "0929/125405", "level": "INFO", "message": "Preference changed: name=profile.creation_time, new_value=\"13435160045527933\", source=unknown"}
{"logTime": "0929/125405", "level": "INFO", "message": "Preference changed: name=profile.edge_profile_id, new_value=\"5717cec4-ac62-4444-8579-33605c726f5e\", source=unknown"}
{"logTime": "0929/125405", "level": "INFO", "message": "Preference changed: name=family_safety.web_filtering_enabled, new_value=false, source=unknown"}
{"logTime": "0929/125405", "level": "INFO", "message": "Preference changed: name=family_safety.activity_reporting_enabled, new_value=false, source=unknown"}
{"logTime": "0929/125405", "level": "INFO", "message": "Preference changed: name=profile.network_pbs, new_value=[object], source=unknown"}
{"logTime": "0929/125405", "level": "INFO", "message": "Preference changed: name=privacy_sandbox.first_party_sets_data_access_allowed_initialized, new_value=true, source=unknown"}
{"logTime": "0929/125405", "level": "INFO", "message": "Preference changed: name=default_apps_install_state, new_value=3, source=unknown"}
{"logTime": "0929/125405", "level": "INFO", "message": "Preference changed: name=extensions.alerts.initialized, new_value=true, source=unknown"}
{"logTime": "0929/125405", "level": "INFO", "message": "Preference changed: name=extensions.pdf_upsell_triggered, new_value=false, source=unknown"}
{"logTime": "0929/125405", "level": "INFO", "message": "Preference changed: name=extensions.settings, new_value=[object], source=unknown"}
{"logTime": "0929/125405", "level": "INFO", "message": "Preference changed: name=extensions.settings, new_value=[object], source=unknown"}
{"logTime": "0929/125405", "level": "INFO", "message": "Preference changed: name=extensions.settings, new_value=[object], source=unknown"}
{"logTime": "0929/125405", "level": "INFO", "message": "Preference changed: name=extensions.settings, new_value=[object], source=unknown"}
{"logTime": "0929/125405", "level": "INFO", "message": "Preference changed: name=extensions.settings, new_value=[object], source=unknown"}
{"logTime": "0929/125405", "level": "INFO", "message": "Preference changed: name=extensions.settings, new_value=[object], source=unknown"}
{"logTime": "0929/125405", "level": "INFO", "message": "Preference changed: name=extensions.settings, new_value=[object], source=unknown"}
{"logTime": "0929/125405", "level": "INFO", "message": "Preference changed: name=extensions.settings, new_value=[object], source=unknown"}
{"logTime": "0929/125405", "level": "INFO", "message": "Preference changed: name=extensions.settings, new_value=[object], source=unknown"}
{"logTime": "0929/125405", "level": "INFO", "message": "Preference changed: name=extensions.settings, new_value=[object], source=unknown"}
{"logTime": "0929/125405", "level": "INFO", "message": "Preference changed: name=extensions.settings, new_value=[object], source=unknown"}
{"logTime": "0929/125405", "level": "INFO", "message": "Preference changed: name=extensions.settings, new_value=[object], source=unknown"}
{"logTime": "0929/125405", "level": "INFO", "message": "Preference changed: name=extensions.settings, new_value=[object], source=unknown"}
{"logTime": "0929/125405", "level": "INFO", "message": "Preference changed: name=extensions.settings, new_value=[object], source=unknown"}
{"logTime": "0929/125405", "level": "INFO", "message": "Preference changed: name=extensions.settings, new_value=[object], source=unknown"}
{"logTime": "0929/125405", "level": "INFO", "message": "Preference changed: name=extensions.settings, new_value=[object], source=unknown"}
{"logTime": "0929/125405", "level": "INFO", "message": "Preference changed: name=extensions.settings, new_value=[object], source=unknown"}
{"logTime": "0929/125405", "level": "INFO", "message": "Preference changed: name=extensions.settings, new_value=[object], source=unknown"}
{"logTime": "0929/125405", "level": "INFO", "message": "Preference changed: name=extensions.settings, new_value=[object], source=unknown"}
{"logTime": "0929/125405", "level": "INFO", "message": "Preference changed: name=extensions.settings, new_value=[object], source=unknown"}
{"logTime": "0929/125405", "level": "INFO", "message": "Preference changed: name=extensions.settings, new_value=[object], source=unknown"}
{"logTime": "0929/125405", "level": "INFO", "message": "Preference changed: name=extensions.settings, new_value=[object], source=unknown"}
{"logTime": "0929/125405", "level": "INFO", "message": "Preference changed: name=extensions.settings, new_value=[object], source=unknown"}
{"logTime": "0929/125405", "level": "INFO", "message": "Preference changed: name=extensions.settings, new_value=[object], source=unknown"}
{"logTime": "0929/125405", "level": "INFO", "message": "Preference changed: name=extensions.settings, new_value=[object], source=unknown"}
{"logTime": "0929/125405", "level": "INFO", "message": "Preference changed: name=extensions.settings, new_value=[object], source=unknown"}
{"logTime": "0929/125405", "level": "INFO", "message": "Preference changed: name=extensions.settings, new_value=[object], source=unknown"}
{"logTime": "0929/125405", "level": "INFO", "message": "Preference changed: name=extensions.settings, new_value=[object], source=unknown"}
{"logTime": "0929/125405", "level": "INFO", "message": "Preference changed: name=extensions.settings, new_value=[object], source=unknown"}
{"logTime": "0929/125405", "level": "INFO", "message": "Preference changed: name=extensions.settings, new_value=[object], source=unknown"}
{"logTime": "0929/125405", "level": "INFO", "message": "Preference changed: name=extensions.settings, new_value=[object], source=unknown"}
{"logTime": "0929/125405", "level": "INFO", "message": "Preference changed: name=extensions.settings, new_value=[object], source=unknown"}
{"logTime": "0929/125405", "level": "INFO", "message": "Preference changed: name=extensions.settings, new_value=[object], source=unknown"}
{"logTime": "0929/125405", "level": "INFO", "message": "Preference changed: name=extensions.settings, new_value=[object], source=unknown"}
{"logTime": "0929/125405", "level": "INFO", "message": "Preference changed: name=extensions.settings, new_value=[object], source=unknown"}
{"logTime": "0929/125405", "level": "INFO", "message": "Preference changed: name=extensions.settings, new_value=[object], source=unknown"}
{"logTime": "0929/125405", "level": "INFO", "message": "Preference changed: name=extensions.settings, new_value=[object], source=unknown"}
{"logTime": "0929/125405", "level": "INFO", "message": "Preference changed: name=extensions.settings, new_value=[object], source=unknown"}
{"logTime": "0929/125405", "level": "INFO", "message": "Preference changed: name=extensions.settings, new_value=[object], source=unknown"}
{"logTime": "0929/125405", "level": "INFO", "message": "Preference changed: name=extensions.settings, new_value=[object], source=unknown"}
{"logTime": "0929/125405", "level": "INFO", "message": "Preference changed: name=extensions.settings, new_value=[object], source=unknown"}
{"logTime": "0929/125405", "level": "INFO", "message": "Preference changed: name=extensions.settings, new_value=[object], source=unknown"}
{"logTime": "0929/125405", "level": "INFO", "message": "Preference changed: name=extensions.settings, new_value=[object], source=unknown"}
{"logTime": "0929/125405", "level": "INFO", "message": "Preference changed: name=extensions.settings, new_value=[object], source=unknown"}
{"logTime": "0929/125405", "level": "INFO", "message": "Preference changed: name=extensions.settings, new_value=[object], source=unknown"}
{"logTime": "0929/125405", "level": "INFO", "message": "Preference changed: name=extensions.settings, new_value=[object], source=unknown"}
{"logTime": "0929/125405", "level": "INFO", "message": "Preference changed: name=extensions.settings, new_value=[object], source=unknown"}
{"logTime": "0929/125405", "level": "INFO", "message": "Preference changed: name=extensions.settings, new_value=[object], source=unknown"}
{"logTime": "0929/125405", "level": "INFO", "message": "Preference changed: name=extensions.settings, new_value=[object], source=unknown"}
{"logTime": "0929/125405", "level": "INFO", "message": "Preference changed: name=extensions.settings, new_value=[object], source=unknown"}
{"logTime": "0929/125405", "level": "INFO", "message": "Preference changed: name=extensions.settings, new_value=[object], source=unknown"}
{"logTime": "0929/125405", "level": "INFO", "message": "Preference changed: name=extensions.settings, new_value=[object], source=unknown"}
{"logTime": "0929/125405", "level": "INFO", "message": "Preference changed: name=extensions.settings, new_value=[object], source=unknown"}
{"logTime": "0929/125405", "level": "INFO", "message": "Preference changed: name=extensions.settings, new_value=[object], source=unknown"}
{"logTime": "0929/125405", "level": "INFO", "message": "Preference changed: name=extensions.settings, new_value=[object], source=unknown"}
{"logTime": "0929/125405", "level": "INFO", "message": "Preference changed: name=extensions.settings, new_value=[object], source=unknown"}
{"logTime": "0929/125405", "level": "INFO", "message": "Preference changed: name=extensions.settings, new_value=[object], source=unknown"}
{"logTime": "0929/125405", "level": "INFO", "message": "Preference changed: name=extensions.settings, new_value=[object], source=unknown"}
{"logTime": "0929/125405", "level": "INFO", "message": "Preference changed: name=extensions.settings, new_value=[object], source=unknown"}
{"logTime": "0929/125405", "level": "INFO", "message": "Preference changed: name=extensions.settings, new_value=[object], source=unknown"}
{"logTime": "0929/125405", "level": "INFO", "message": "Preference changed: name=extensions.settings, new_value=[object], source=unknown"}
{"logTime": "0929/125405", "level": "INFO", "message": "Preference changed: name=extensions.settings, new_value=[object], source=unknown"}
{"logTime": "0929/125405", "level": "INFO", "message": "Preference changed: name=extensions.settings, new_value=[object], source=unknown"}
{"logTime": "0929/125405", "level": "INFO", "message": "Preference changed: name=extensions.settings, new_value=[object], source=unknown"}
{"logTime": "0929/125405", "level": "INFO", "message": "Preference changed: name=extensions.settings, new_value=[object], source=unknown"}
{"logTime": "0929/125405", "level": "INFO", "message": "Preference changed: name=extensions.settings, new_value=[object], source=unknown"}
{"logTime": "0929/125405", "level": "INFO", "message": "Preference changed: name=extensions.settings, new_value=[object], source=unknown"}
{"logTime": "0929/125405", "level": "INFO", "message": "Preference changed: name=extensions.settings, new_value=[object], source=unknown"}
{"logTime": "0929/125405", "level": "INFO", "message": "Preference changed: name=extensions.settings, new_value=[object], source=unknown"}
{"logTime": "0929/125405", "level": "INFO", "message": "Preference changed: name=extensions.settings, new_value=[object], source=unknown"}
{"logTime": "0929/125405", "level": "INFO", "message": "Preference changed: name=extensions.settings, new_value=[object], source=unknown"}
{"logTime": "0929/125405", "level": "INFO", "message": "Preference changed: name=extensions.settings, new_value=[object], source=unknown"}
{"logTime": "0929/125405", "level": "INFO", "message": "Preference changed: name=extensions.settings, new_value=[object], source=unknown"}
{"logTime": "0929/125405", "level": "INFO", "message": "Preference changed: name=extensions.settings, new_value=[object], source=unknown"}
{"logTime": "0929/125405", "level": "INFO", "message": "Preference changed: name=extensions.settings, new_value=[object], source=unknown"}
{"logTime": "0929/125405", "level": "INFO", "message": "Preference changed: name=extensions.settings, new_value=[object], source=unknown"}
{"logTime": "0929/125405", "level": "INFO", "message": "Preference changed: name=extensions.settings, new_value=[object], source=unknown"}
{"logTime": "0929/125405", "level": "INFO", "message": "Preference changed: name=extensions.settings, new_value=[object], source=unknown"}
{"logTime": "0929/125405", "level": "INFO", "message": "Preference changed: name=extensions.settings, new_value=[object], source=unknown"}
{"logTime": "0929/125405", "level": "INFO", "message": "Preference changed: name=extensions.settings, new_value=[object], source=unknown"}
{"logTime": "0929/125405", "level": "INFO", "message": "Preference changed: name=extensions.settings, new_value=[object], source=unknown"}
{"logTime": "0929/125405", "level": "INFO", "message": "Preference changed: name=extensions.settings, new_value=[object], source=unknown"}
{"logTime": "0929/125405", "level": "INFO", "message": "Preference changed: name=extensions.settings, new_value=[object], source=unknown"}
{"logTime": "0929/125405", "level": "INFO", "message": "Preference changed: name=extensions.settings, new_value=[object], source=unknown"}
{"logTime": "0929/125405", "level": "INFO", "message": "Preference changed: name=extensions.settings, new_value=[object], source=unknown"}
{"logTime": "0929/125405", "level": "INFO", "message": "Preference changed: name=extensions.settings, new_value=[object], source=unknown"}
{"logTime": "0929/125405", "level": "INFO", "message": "Preference changed: name=extensions.settings, new_value=[object], source=unknown"}
{"logTime": "0929/125405", "level": "INFO", "message": "Preference changed: name=extensions.settings, new_value=[object], source=unknown"}
{"logTime": "0929/125405", "level": "INFO", "message": "Preference changed: name=extensions.settings, new_value=[object], source=unknown"}
{"logTime": "0929/125405", "level": "INFO", "message": "Preference changed: name=extensions.settings, new_value=[object], source=unknown"}
{"logTime": "0929/125405", "level": "INFO", "message": "Preference changed: name=extensions.settings, new_value=[object], source=unknown"}
{"logTime": "0929/125405", "level": "INFO", "message": "Preference changed: name=extensions.settings, new_value=[object], source=unknown"}
{"logTime": "0929/125405", "level": "INFO", "message": "Preference changed: name=extensions.settings, new_value=[object], source=unknown"}
{"logTime": "0929/125405", "level": "INFO", "message": "Preference changed: name=extension.installed_extension_count, new_value=9, source=unknown"}
{"logTime": "0929/125405", "level": "INFO", "message": "Preference changed: name=profile.password_hash_data_list, new_value=[object], source=unknown"}
{"logTime": "0929/125405", "level": "INFO", "message": "Preference changed: name=continuous_migration.equal_opt_out_users_data.backfilled, new_value=true, source=unknown"}
{"logTime": "0929/125405", "level": "INFO", "message": "Preference changed: name=edge.profile_sso_info.is_first_profile, new_value=true, source=unknown"}
{"logTime": "0929/125405", "level": "INFO", "message": "Preference changed: name=edge.profile_sso_info.aad_sso_algo_state, new_value=1, source=unknown"}
{"logTime": "0929/125405", "level": "INFO", "message": "Preference changed: name=edge.msa_sso_info.allow_for_non_msa_profile, new_value=true, source=unknown"}
{"logTime": "0929/125405", "level": "INFO", "message": "Preference changed: name=edge.profile_sso_info.is_msa_first_profile, new_value=true, source=unknown"}
{"logTime": "0929/125405", "level": "INFO", "message": "Preference changed: name=edge.profile_sso_info.msa_sso_algo_state, new_value=1, source=unknown"}
{"logTime": "0929/125405", "level": "INFO", "message": "Preference changed: name=browser.available_dark_theme_options, new_value=\"All\", source=unknown"}
{"logTime": "0929/125405", "level": "INFO", "message": "Preference changed: name=optimization_guide.previously_registered_optimization_types, new_value=[object], source=unknown"}
{"logTime": "0929/125405", "level": "INFO", "message": "Preference changed: name=browser.show_toolbar_workspaces_button, new_value=false, source=unknown"}
{"logTime": "0929/125405", "level": "INFO", "message": "Preference changed: name=browser.show_downloads_hub_pinned, new_value=false, source=unknown"}
{"logTime": "0929/125405", "level": "INFO", "message": "Preference changed: name=toolbar.pinned_chrome_labs_migration_complete, new_value=true, source=unknown"}
{"logTime": "0929/125405", "level": "INFO", "message": "Preference changed: name=toolbar.pinned_cast_migration_complete, new_value=true, source=unknown"}
{"logTime": "0929/125405", "level": "INFO", "message": "Preference changed: name=in_product_help.session_start_time, new_value=\"13435160045919574\", source=unknown"}
{"logTime": "0929/125405", "level": "INFO", "message": "Preference changed: name=in_product_help.session_number, new_value=2, source=unknown"}
{"logTime": "0929/125405", "level": "INFO", "message": "Preference changed: name=in_product_help.session_last_active_time, new_value=\"13435160045919574\", source=unknown"}
{"logTime": "0929/125405", "level": "INFO", "message": "Preference changed: name=in_product_help.recent_session_enabled_time, new_value=\"13435160045919574\", source=unknown"}
{"logTime": "0929/125405", "level": "INFO", "message": "Preference changed: name=in_product_help.recent_session_start_times, new_value=[object], source=unknown"}
{"logTime": "0929/125405", "level": "INFO", "message": "Preference changed: name=media_router.receiver_id_hash_token, new_value=\"XofqTt42cqkfmUR0VC3Gl23EsfGseaJo4Amz/jyv0s8mJNC4ebdAlJK43eWw/VBp7rp7XKKlRxl9kULNfNMmAg==\", source=unknown"}
{"logTime": "0929/125405", "level": "INFO", "message": "Preference changed: name=media.engagement.schema_version, new_value=5, source=unknown"}
{"logTime": "0929/125405", "level": "INFO", "message": "Preference changed: name=intl.selected_languages, new_value=\"en-US,en\", source=unknown"}
{"logTime": "0929/125405", "level": "INFO", "message": "Preference changed: name=edge_rewards.cache_data, new_value=\"CAA=\", source=unknown"}
{"logTime": "0929/125405", "level": "INFO", "message": "Preference changed: name=edge_rewards.refresh_status_muted_until, new_value=\"13435764845959873\", source=unknown"}
{"logTime": "0929/125405", "level": "INFO", "message": "Preference changed: name=optimization_guide.previously_registered_optimization_types, new_value=[object], source=unknown"}
{"logTime": "0929/125405", "level": "INFO", "message": "Preference changed: name=profile.content_settings.exceptions.storage_access_header_origin_trial, new_value=[object], source=unknown"}
{"logTime": "0929/125405", "level": "INFO", "message": "Preference changed: name=edge_wallet.trigger_funnel.records, new_value=[object], source=unknown"}
{"logTime": "0929/125406", "level": "INFO", "message": "Preference changed: name=shopping.dma_telemetry_expiration_time, new_value=\"13435246446005964\", source=unknown"}
{"logTime": "0929/125406", "level": "INFO", "message": "Preference changed: name=shopping.contextual_features_enabled, new_value=true, source=unknown"}
{"logTime": "0929/125406", "level": "INFO", "message": "Preference changed: name=sync.keep_everything_synced, new_value=false, source=unknown"}
{"logTime": "0929/125406", "level": "INFO", "message": "Preference changed: name=sync.bookmarks, new_value=true, source=unknown"}
{"logTime": "0929/125406", "level": "INFO", "message": "Preference changed: name=sync.preferences, new_value=true, source=unknown"}
{"logTime": "0929/125406", "level": "INFO", "message": "Preference changed: name=sync.passwords, new_value=true, source=unknown"}
{"logTime": "0929/125406", "level": "INFO", "message": "Preference changed: name=sync.autofill, new_value=true, source=unknown"}
{"logTime": "0929/125406", "level": "INFO", "message": "Preference changed: name=sync.typed_urls, new_value=true, source=unknown"}
{"logTime": "0929/125406", "level": "INFO", "message": "Preference changed: name=sync.extensions, new_value=true, source=unknown"}
{"logTime": "0929/125406", "level": "INFO", "message": "Preference changed: name=sync.apps, new_value=true, source=unknown"}
{"logTime": "0929/125406", "level": "INFO", "message": "Preference changed: name=sync.tabs, new_value=true, source=unknown"}
{"logTime": "0929/125406", "level": "INFO", "message": "Preference changed: name=sync.edge_workspaces, new_value=true, source=unknown"}
{"logTime": "0929/125406", "level": "INFO", "message": "Preference changed: name=sync.collections_edge_re_evaluated, new_value=true, source=unknown"}
{"logTime": "0929/125406", "level": "INFO", "message": "Preference changed: name=sync.history_edge_supported, new_value=true, source=unknown"}
{"logTime": "0929/125406", "level": "INFO", "message": "Preference changed: name=sync.extensions_edge_supported, new_value=true, source=unknown"}
{"logTime": "0929/125406", "level": "INFO", "message": "Preference changed: name=sync.tabs_edge_supported, new_value=true, source=unknown"}
{"logTime": "0929/125406", "level": "INFO", "message": "Preference changed: name=sync.edge_workspaces_edge_supported, new_value=true, source=unknown"}
{"logTime": "0929/125406", "level": "INFO", "message": "Preference changed: name=schedule_to_flush_to_disk, new_value=\"13435160046104399\", source=unknown"}
{"logTime": "0929/125406", "level": "INFO", "message": "Preference changed: name=schedule_to_flush_to_disk, new_value=\"13435160046105370\", source=unknown"}
{"logTime": "0929/125406", "level": "INFO", "message": "Preference changed: name=muid.last_sync, new_value=\"13435160046106685\", source=unknown"}
{"logTime": "0929/125406", "level": "INFO", "message": "Preference changed: name=bookmark.storage_computation_last_update, new_value=\"13435160046107236\", source=unknown"}
{"logTime": "0929/125406", "level": "INFO", "message": "Preference changed: name=commerce_daily_metrics_last_update_time, new_value=\"13435160046108632\", source=unknown"}
{"logTime": "0929/125406", "level": "INFO", "message": "Preference changed: name=ntp.num_personal_suggestions, new_value=1, source=unknown"}
{"logTime": "0929/125406", "level": "INFO", "message": "Preference changed: name=dual_engine.sitelist_location, new_value=\"\", source=unknown"}
{"logTime": "0929/125406", "level": "INFO", "message": "Preference changed: name=dual_engine.sitelist_source, new_value=0, source=unknown"}
{"logTime": "0929/125406", "level": "INFO", "message": "Preference changed: name=dual_engine.consumer_sitelist_location, new_value=\"\", source=unknown"}
{"logTime": "0929/125406", "level": "INFO", "message": "Preference changed: name=dual_engine.sitelist_has_enterprise_data, new_value=false, source=unknown"}
{"logTime": "0929/125406", "level": "INFO", "message": "Preference changed: name=dual_engine.shared_cookie_data, new_value=[object], source=unknown"}
{"logTime": "0929/125406", "level": "INFO", "message": "Preference changed: name=dual_engine.sitelist_version, new_value=\"\", source=unknown"}
{"logTime": "0929/125406", "level": "INFO", "message": "Preference changed: name=dual_engine.sitelist_has_consumer_data, new_value=false, source=unknown"}
{"logTime": "0929/125406", "level": "INFO", "message": "Preference changed: name=dual_engine.consumer_site_list_with_ie_entries, new_value=false, source=unknown"}
{"logTime": "0929/125406", "level": "INFO", "message": "Preference changed: name=dual_engine.consumer_sitelist_version, new_value=\"\", source=unknown"}
{"logTime": "0929/125406", "level": "INFO", "message": "Preference changed: name=extensions.settings, new_value=[object], source=unknown"}
{"logTime": "0929/125406", "level": "INFO", "message": "Preference changed: name=extensions.settings, new_value=[object], source=unknown"}
{"logTime": "0929/125406", "level": "INFO", "message": "Preference changed: name=extensions.settings, new_value=[object], source=unknown"}
{"logTime": "0929/125406", "level": "INFO", "message": "Preference changed: name=extensions.settings, new_value=[object], source=unknown"}
{"logTime": "0929/125406", "level": "INFO", "message": "Preference changed: name=extensions.settings, new_value=[object], source=unknown"}
{"logTime": "0929/125406", "level": "INFO", "message": "Preference changed: name=extensions.settings, new_value=[object], source=unknown"}
{"logTime": "0929/125406", "level": "INFO", "message": "Preference changed: name=extensions.settings, new_value=[object], source=unknown"}
{"logTime": "0929/125406", "level": "INFO", "message": "Preference changed: name=extensions.settings, new_value=[object], source=unknown"}
{"logTime": "0929/125406", "level": "INFO", "message": "Preference changed: name=extensions.settings, new_value=[object], source=unknown"}
{"logTime": "0929/125406", "level": "INFO", "message": "Preference changed: name=extensions.settings, new_value=[object], source=unknown"}
{"logTime": "0929/125406", "level": "INFO", "message": "Preference changed: name=extensions.settings, new_value=[object], source=unknown"}
{"logTime": "0929/125406", "level": "INFO", "message": "Preference changed: name=extensions.settings, new_value=[object], source=unknown"}
{"logTime": "0929/125406", "level": "INFO", "message": "Preference changed: name=extensions.settings, new_value=[object], source=unknown"}
{"logTime": "0929/125406", "level": "INFO", "message": "Preference changed: name=extensions.settings, new_value=[object], source=unknown"}
{"logTime": "0929/125406", "level": "INFO", "message": "Preference changed: name=extensions.settings, new_value=[object], source=unknown"}
{"logTime": "0929/125406", "level": "INFO", "message": "Preference changed: name=extensions.settings, new_value=[object], source=unknown"}
{"logTime": "0929/125406", "level": "INFO", "message": "Preference changed: name=extensions.settings, new_value=[object], source=unknown"}
{"logTime": "0929/125406", "level": "INFO", "message": "Preference changed: name=extensions.settings, new_value=[object], source=unknown"}
{"logTime": "0929/125406", "level": "INFO", "message": "Preference changed: name=extensions.chrome_url_overrides, new_value=[object], source=unknown"}
{"logTime": "0929/125406", "level": "INFO", "message": "Preference changed: name=extensions.pinned_extensions, new_value=[object], source=unknown"}
{"logTime": "0929/125406", "level": "INFO", "message": "Preference changed: name=extensions.pinned_extension_migration, new_value=true, source=unknown"}
{"logTime": "0929/125406", "level": "INFO", "message": "Preference changed: name=edge.services.signin_scoped_device_id, new_value=\"31ad8a75-8eb7-48db-a0e7-dc23d8eec8bb\", source=unknown"}
{"logTime": "0929/125406", "level": "INFO", "message": "Preference changed: name=account_tracker_service_last_update, new_value=\"13435160046261032\", source=unknown"}
{"logTime": "0929/125406", "level": "INFO", "message": "Preference changed: name=autofill.ai_last_version_deduped, new_value=154, source=unknown"}
{"logTime": "0929/125406", "level": "INFO", "message": "Preference changed: name=autofill.last_version_deduped, new_value=154, source=unknown"}
{"logTime": "0929/125406", "level": "INFO", "message": "Preference changed: name=autofill.edge_autofill_purge_low_quality_profiles_by_timeline, new_value=false, source=unknown"}
{"logTime": "0929/125406", "level": "INFO", "message": "Preference changed: name=optimization_guide.previously_registered_optimization_types, new_value=[object], source=unknown"}
{"logTime": "0929/125406", "level": "INFO", "message": "Preference changed: name=autocomplete.retention_policy_last_version, new_value=154, source=unknown"}
{"logTime": "0929/125406", "level": "INFO", "message": "Preference changed: name=shopping.rdx_mode_enabled, new_value=false, source=unknown"}
{"logTime": "0929/125406", "level": "INFO", "message": "Preference changed: name=shopping.rdx_mode_cached, new_value=true, source=unknown"}
{"logTime": "0929/125406", "level": "INFO", "message": "Preference changed: name=profile.exit_type, new_value=\"Crashed\", source=unknown"}
{"logTime": "0929/125406", "level": "INFO", "message": "Preference changed: name=profile.edge_user_with_non_zero_passwords, new_value=false, source=unknown"}
{"logTime": "0929/125406", "level": "INFO", "message": "Preference changed: name=profile.edge_password_is_using_new_login_db_path, new_value=false, source=unknown"}
{"logTime": "0929/125406", "level": "INFO", "message": "Preference changed: name=profile.edge_password_login_db_path_flip_flop_count, new_value=0, source=unknown"}
{"logTime": "0929/125406", "level": "INFO", "message": "Preference changed: name=typosquatting.allowlist_migration_done, new_value=true, source=unknown"}
{"logTime": "0929/125406", "level": "INFO", "message": "Preference changed: name=web_apps.link_handling_info.enabled_for_installed_apps, new_value=true, source=unknown"}
{"logTime": "0929/125406", "level": "INFO", "message": "Preference changed: name=apps.shortcuts_version, new_value=1, source=unknown"}
{"logTime": "0929/125406", "level": "INFO", "message": "Preference changed: name=apps.shortcuts_arch, new_value=\"\", source=unknown"}
{"logTime": "0929/125406", "level": "INFO", "message": "Preference changed: name=apps.shortcuts_os_version, new_value=\"\", source=unknown"}
{"logTime": "0929/125406", "level": "INFO", "message": "Preference changed: name=saved_tab_groups.specifics_to_data_migration, new_value=true, source=unknown"}
{"logTime": "0929/125406", "level": "INFO", "message": "Preference changed: name=fsd.retention_policy_last_version, new_value=154, source=unknown"}
{"logTime": "0929/125406", "level": "INFO", "message": "Preference changed: name=browser.underside_chat_bing_signed_in_status, new_value=false, source=unknown"}
{"logTime": "0929/125406", "level": "INFO", "message": "Preference changed: name=muid.values_seen, new_value=[object], source=unknown"}
{"logTime": "0929/125406", "level": "INFO", "message": "Preference changed: name=extensions.settings, new_value=[object], source=unknown"}
{"logTime": "0929/125406", "level": "INFO", "message": "Preference changed: name=extensions.settings, new_value=[object], source=unknown"}
{"logTime": "0929/125406", "level": "INFO", "message": "Preference changed: name=extensions.settings, new_value=[object], source=unknown"}
{"logTime": "0929/125406", "level": "INFO", "message": "Preference changed: name=extensions.settings, new_value=[object], source=unknown"}
{"logTime": "0929/125406", "level": "INFO", "message": "Preference changed: name=extensions.settings, new_value=[object], source=unknown"}
{"logTime": "0929/125406", "level": "INFO", "message": "Preference changed: name=extensions.settings, new_value=[object], source=unknown"}
{"logTime": "0929/125406", "level": "INFO", "message": "Preference changed: name=extensions.settings, new_value=[object], source=unknown"}
{"logTime": "0929/125406", "level": "INFO", "message": "Preference changed: name=extensions.settings, new_value=[object], source=unknown"}
{"logTime": "0929/125406", "level": "INFO", "message": "Preference changed: name=extensions.settings, new_value=[object], source=unknown"}
{"logTime": "0929/125406", "level": "INFO", "message": "Preference changed: name=extensions.settings, new_value=[object], source=unknown"}
{"logTime": "0929/125406", "level": "INFO", "message": "Preference changed: name=extensions.settings, new_value=[object], source=unknown"}
{"logTime": "0929/125406", "level": "INFO", "message": "Preference changed: name=extensions.settings, new_value=[object], source=unknown"}
{"logTime": "0929/125406", "level": "INFO", "message": "Preference changed: name=extensions.settings, new_value=[object], source=unknown"}
{"logTime": "0929/125406", "level": "INFO", "message": "Preference changed: name=extensions.settings, new_value=[object], source=unknown"}
{"logTime": "0929/125406", "level": "INFO", "message": "Preference changed: name=extensions.settings, new_value=[object], source=unknown"}
{"logTime": "0929/125406", "level": "INFO", "message": "Preference changed: name=extensions.settings, new_value=[object], source=unknown"}
{"logTime": "0929/125407", "level": "INFO", "message": "Preference changed: name=profiles.last_swag_account_type, new_value=1, source=unknown"}
{"logTime": "0929/125407", "level": "INFO", "message": "Preference changed: name=aadc_info.age_group, new_value=0, source=unknown"}
{"logTime": "0929/125407", "level": "INFO", "message": "Preference changed: name=account_info, new_value=[object], source=unknown"}
{"logTime": "0929/125407", "level": "INFO", "message": "Preference changed: name=edge.account_type, new_value=1, source=unknown"}
{"logTime": "0929/125407", "level": "INFO", "message": "Preference changed: name=edge.services.account_id, new_value=\"07c2456405ee8431\", source=unknown"}
{"logTime": "0929/125407", "level": "INFO", "message": "Preference changed: name=google.services.consented_to_sync, new_value=true, source=unknown"}
{"logTime": "0929/125407", "level": "INFO", "message": "Preference changed: name=google.services.last_signed_in_username, new_value=\"gabmdiana@gmail.com\", source=unknown"}
{"logTime": "0929/125407", "level": "INFO", "message": "Preference changed: name=edge.services.last_gaia_id, new_value=\"07c2456405ee8431\", source=unknown"}
{"logTime": "0929/125407", "level": "INFO", "message": "Preference changed: name=edge.services.last_username, new_value=\"gabmdiana@gmail.com\", source=unknown"}
{"logTime": "0929/125407", "level": "INFO", "message": "Preference changed: name=edge.profile_matches_os_primary_account, new_value=false, source=unknown"}
{"logTime": "0929/125407", "level": "INFO", "message": "Preference changed: name=signin.signin_with_explicit_browser_signin_on, new_value=true, source=unknown"}
{"logTime": "0929/125407", "level": "INFO", "message": "Preference changed: name=signin.accounts_metadata_dict, new_value=[object], source=unknown"}
{"logTime": "0929/125407", "level": "INFO", "message": "Preference changed: name=safebrowsing.advanced_protection_last_refresh, new_value=\"13435160047334182\", source=unknown"}
{"logTime": "0929/125407", "level": "INFO", "message": "Preference changed: name=edge.merge_chats_status.status, new_value=0, source=unknown"}
{"logTime": "0929/125407", "level": "INFO", "message": "Preference changed: name=edge.merge_chats_status.primary_account_id, new_value=\"07c2456405ee8431\", source=unknown"}
{"logTime": "0929/125407", "level": "INFO", "message": "Preference changed: name=google.services.signin.LAST_SIGNIN_ACCESS_POINT.value, new_value=\"17\", source=unknown"}
{"logTime": "0929/125407", "level": "INFO", "message": "Preference changed: name=google.services.signin.LAST_SIGNIN_ACCESS_POINT.time, new_value=\"2026-09-29T12:54:07.335Z\", source=unknown"}
{"logTime": "0929/125407", "level": "INFO", "message": "Preference changed: name=sync.edge_account_type, new_value=1, source=unknown"}
{"logTime": "0929/125407", "level": "INFO", "message": "Preference changed: name=sync.transport_data_per_account, new_value=[object], source=unknown"}
{"logTime": "0929/125407", "level": "INFO", "message": "Preference changed: name=sync.transport_data_per_account, new_value=[object], source=unknown"}
{"logTime": "0929/125407", "level": "INFO", "message": "Preference changed: name=sync.gaia_id, new_value=\"07c2456405ee8431\", source=unknown"}
{"logTime": "0929/125407", "level": "INFO", "message": "Preference changed: name=edge.msa_sso_info.allow_for_non_msa_profile, new_value=false, source=unknown"}
{"logTime": "0929/125407", "level": "INFO", "message": "Preference changed: name=edge.profile_sso_info.msa_sso_algo_state, new_value=2, source=unknown"}
{"logTime": "0929/125407", "level": "INFO", "message": "Preference changed: name=edge.profile_sso_info.msa_sso_state_reached_by, new_value=3, source=unknown"}
{"logTime": "0929/125407", "level": "INFO", "message": "Preference changed: name=edge.workspaces.state, new_value=\"{\\\"edgeWorkspacePrefsVersion\\\":2,\\\"enableFluid\\\":true,\\\"failedRestartSpaceId\\\":\\\"\\\",\\\"failedToConnectToFluid\\\":false,\\\"fluidMigrationStatus\\\":false,\\\"fluidStatus\\\":0,\\\"fre_shown\\\":false,\\\"fromCache\\\":false,\\\"isFluidPreferencesConnected\\\":false,\\\"isSpaceOpening\\\":false,\\\"openingSpaceId\\\":\\\"\\\",\\\"statusForScreenReaders\\\":\\\"\\\",\\\"workspacePopupMode\\\":9,\\\"workspacesForExternalLinks\\\":[]}\", source=unknown"}
{"logTime": "0929/125407", "level": "INFO", "message": "Preference changed: name=visual_search.dma_state, new_value=1, source=unknown"}
{"logTime": "0929/125407", "level": "INFO", "message": "Preference changed: name=nurturing.time_of_last_sync_consent_view, new_value=\"13435160047399011\", source=unknown"}
{"logTime": "0929/125407", "level": "INFO", "message": "PrefStore write completed: store=4, success=true"}
{"logTime": "0929/125407", "level": "INFO", "message": "PrefStore write completed: store=4, success=true"}
{"logTime": "0929/125407", "level": "INFO", "message": "PrefStore write completed: store=4, success=true"}
{"logTime": "0929/125407", "level": "INFO", "message": "PrefStore write completed: store=4, success=true"}
{"logTime": "0929/125407", "level": "INFO", "message": "Preference changed: name=sync.cached_persistent_auth_error, new_value=false, source=unknown"}
{"logTime": "0929/125407", "level": "INFO", "message": "Preference changed: name=extensions.settings, new_value=[object], source=unknown"}
{"logTime": "0929/125407", "level": "INFO", "message": "Preference changed: name=sync.has_been_enabled, new_value=true, source=unknown"}
{"logTime": "0929/125407", "level": "INFO", "message": "Preference changed: name=sync_consent_recorded, new_value=true, source=unknown"}
{"logTime": "0929/125407", "level": "INFO", "message": "Preference changed: name=sync.has_setup_completed, new_value=true, source=unknown"}
{"logTime": "0929/125407", "level": "INFO", "message": "Preference changed: name=sync.keep_everything_synced, new_value=true, source=unknown"}
{"logTime": "0929/125407", "level": "INFO", "message": "Preference changed: name=edge_cloud_messaging.cached_target_token.target_token, new_value=\"BnwkBER5dQC2tOZmPrF7Qw==$43RMoo3r6t2bpdVgt46C4uFL/kUjnhmVsXVryNatQJdGEK2xgqzFuAOm8taW5oLGo1Wg2uVJ/ZYzqIYWfMp5ri/xtPrwGrrYWvfjJUHawjkEt3N8Dxi23iPTL1UsgKKMbxkljj09DNBquQb8b8qofEPqPs0WOsbYouNwqFGwBkY=\", source=unknown"}
{"logTime": "0929/125407", "level": "INFO", "message": "Preference changed: name=edge_cloud_messaging.cached_target_token.cv, new_value=\"1157299276397683968\", source=unknown"}
{"logTime": "0929/125407", "level": "INFO", "message": "Preference changed: name=edge_cloud_messaging.cached_target_token.time, new_value=\"13435160047646252\", source=unknown"}
{"logTime": "0929/125407", "level": "INFO", "message": "Preference changed: name=edge_copilot.msa_eligibility_info, new_value=[object], source=unknown"}
{"logTime": "0929/125407", "level": "INFO", "message": "Preference changed: name=muid.values_seen, new_value=[object], source=unknown"}
{"logTime": "0929/125407", "level": "INFO", "message": "Preference changed: name=sync.cached_passphrase_type, new_value=2, source=unknown"}
{"logTime": "0929/125407", "level": "INFO", "message": "Preference changed: name=sync.transport_data_per_account, new_value=[object], source=unknown"}
{"logTime": "0929/125407", "level": "INFO", "message": "Preference changed: name=sync.transport_data_per_account, new_value=[object], source=unknown"}
{"logTime": "0929/125407", "level": "INFO", "message": "Preference changed: name=sync.transport_data_per_account, new_value=[object], source=unknown"}
{"logTime": "0929/125407", "level": "INFO", "message": "Preference changed: name=sync.cached_trusted_vault_auto_upgrade_experiment_group, new_value=\"\", source=unknown"}
{"logTime": "0929/125407", "level": "INFO", "message": "Preference changed: name=sync.local_device_guids_with_timestamp, new_value=[object], source=unknown"}
{"logTime": "0929/125407", "level": "INFO", "message": "Preference changed: name=sync.local_device_guids_with_timestamp, new_value=[object], source=unknown"}
{"logTime": "0929/125407", "level": "INFO", "message": "Preference changed: name=edge_rewards.hva_promotions, new_value=[object], source=unknown"}
{"logTime": "0929/125407", "level": "INFO", "message": "Preference changed: name=edge_rewards.promotions, new_value=[object], source=unknown"}
{"logTime": "0929/125407", "level": "INFO", "message": "Preference changed: name=edge_rewards.hva_promotions, new_value=[object], source=unknown"}
{"logTime": "0929/125407", "level": "INFO", "message": "Preference changed: name=edge_rewards.user_is_conscious, new_value=true, source=unknown"}
{"logTime": "0929/125407", "level": "INFO", "message": "Preference changed: name=edge_rewards.cache_data, new_value=\"CAEQP0oCcGg=\", source=unknown"}
{"logTime": "0929/125408", "level": "INFO", "message": "Preference changed: name=safebrowsing.advanced_protection_last_refresh, new_value=\"13435160048079251\", source=unknown"}
{"logTime": "0929/125408", "level": "INFO", "message": "Preference changed: name=account_info, new_value=[object], source=unknown"}
{"logTime": "0929/125408", "level": "INFO", "message": "Preference changed: name=edge_rewards.referral_hash, new_value=\"2080F583\", source=unknown"}
{"logTime": "0929/125408", "level": "INFO", "message": "Preference changed: name=extensions.settings, new_value=[object], source=unknown"}
{"logTime": "0929/125408", "level": "INFO", "message": "Preference changed: name=edge_pinning_campaign.precomputed_campaign_data, new_value=[object], source=unknown"}
{"logTime": "0929/125408", "level": "INFO", "message": "Preference changed: name=web_apps.last_preinstall_synchronize_version, new_value=\"154\", source=unknown"}
{"logTime": "0929/125408", "level": "INFO", "message": "Preference changed: name=web_apps.did_migrate_default_chrome_apps, new_value=[object], source=unknown"}
{"logTime": "0929/125408", "level": "INFO", "message": "Preference changed: name=web_apps.did_migrate_default_chrome_apps, new_value=[object], source=unknown"}
{"logTime": "0929/125409", "level": "INFO", "message": "Preference changed: name=personalization_data_consent.personalization_in_context_count, new_value=0, source=unknown"}
{"logTime": "0929/125409", "level": "INFO", "message": "Preference changed: name=personalization_data_consent.personalization_in_context_consent_can_prompt, new_value=true, source=unknown"}
{"logTime": "0929/125409", "level": "INFO", "message": "Preference changed: name=import_items_failure_state.reimport.ie_react, new_value=62436, source=unknown"}
{"logTime": "0929/125409", "level": "INFO", "message": "Preference changed: name=sync.transport_data_per_account, new_value=[object], source=unknown"}
{"logTime": "0929/125409", "level": "INFO", "message": "Preference changed: name=sync.transport_data_per_account, new_value=[object], source=unknown"}
{"logTime": "0929/125409", "level": "INFO", "message": "Preference changed: name=sync.transport_data_per_account, new_value=[object], source=unknown"}
{"logTime": "0929/125409", "level": "INFO", "message": "Preference changed: name=edge_triggering.config_version, new_value=\"1.42.2\", source=unknown"}
{"logTime": "0929/125409", "level": "INFO", "message": "Preference changed: name=optimization_guide.hintsfetcher.hosts_successfully_fetched, new_value=[object], source=unknown"}
{"logTime": "0929/125409", "level": "INFO", "message": "Preference changed: name=pinned_sites.pin_metadata, new_value=[object], source=unknown"}
{"logTime": "0929/125409", "level": "INFO", "message": "Preference changed: name=extensions.settings, new_value=[object], source=unknown"}
{"logTime": "0929/125409", "level": "INFO", "message": "Preference changed: name=extensions.settings, new_value=[object], source=unknown"}
{"logTime": "0929/125409", "level": "INFO", "message": "Preference changed: name=extensions.settings, new_value=[object], source=unknown"}
{"logTime": "0929/125409", "level": "INFO", "message": "Preference changed: name=extensions.settings, new_value=[object], source=unknown"}
{"logTime": "0929/125409", "level": "INFO", "message": "Preference changed: name=extensions.settings, new_value=[object], source=unknown"}
{"logTime": "0929/125409", "level": "INFO", "message": "Preference changed: name=extensions.settings, new_value=[object], source=unknown"}
{"logTime": "0929/125409", "level": "INFO", "message": "Preference changed: name=extensions.settings, new_value=[object], source=unknown"}
{"logTime": "0929/125409", "level": "INFO", "message": "Preference changed: name=extensions.settings, new_value=[object], source=unknown"}
{"logTime": "0929/125409", "level": "INFO", "message": "Preference changed: name=extensions.settings, new_value=[object], source=unknown"}
{"logTime": "0929/125409", "level": "INFO", "message": "Preference changed: name=extensions.settings, new_value=[object], source=unknown"}
{"logTime": "0929/125409", "level": "INFO", "message": "Preference changed: name=extensions.settings, new_value=[object], source=unknown"}
{"logTime": "0929/125409", "level": "INFO", "message": "Preference changed: name=extensions.settings, new_value=[object], source=unknown"}
{"logTime": "0929/125409", "level": "INFO", "message": "Preference changed: name=extensions.settings, new_value=[object], source=unknown"}
{"logTime": "0929/125409", "level": "INFO", "message": "Preference changed: name=extensions.settings, new_value=[object], source=unknown"}
{"logTime": "0929/125409", "level": "INFO", "message": "Preference changed: name=extensions.settings, new_value=[object], source=unknown"}
{"logTime": "0929/125409", "level": "INFO", "message": "Preference changed: name=extensions.settings, new_value=[object], source=unknown"}
{"logTime": "0929/125409", "level": "INFO", "message": "Preference changed: name=extensions.settings, new_value=[object], source=unknown"}
{"logTime": "0929/125409", "level": "INFO", "message": "Preference changed: name=extensions.microsoft_install_signature, new_value=[object], source=unknown"}
{"logTime": "0929/125410", "level": "INFO", "message": "Preference changed: name=extensions.settings, new_value=[object], source=unknown"}
{"logTime": "0929/125410", "level": "INFO", "message": "Preference changed: name=extensions.settings, new_value=[object], source=unknown"}
{"logTime": "0929/125410", "level": "INFO", "message": "Preference changed: name=extensions.settings, new_value=[object], source=unknown"}
{"logTime": "0929/125410", "level": "INFO", "message": "Preference changed: name=extensions.settings, new_value=[object], source=unknown"}
{"logTime": "0929/125410", "level": "INFO", "message": "Preference changed: name=extensions.settings, new_value=[object], source=unknown"}
{"logTime": "0929/125410", "level": "INFO", "message": "Preference changed: name=extensions.settings, new_value=[object], source=unknown"}
{"logTime": "0929/125410", "level": "INFO", "message": "Preference changed: name=extensions.settings, new_value=[object], source=unknown"}
{"logTime": "0929/125410", "level": "INFO", "message": "Preference changed: name=extensions.settings, new_value=[object], source=unknown"}
{"logTime": "0929/125410", "level": "INFO", "message": "Preference changed: name=extensions.settings, new_value=[object], source=unknown"}
{"logTime": "0929/125410", "level": "INFO", "message": "Preference changed: name=extensions.settings, new_value=[object], source=unknown"}
{"logTime": "0929/125410", "level": "INFO", "message": "Preference changed: name=extensions.settings, new_value=[object], source=unknown"}
{"logTime": "0929/125410", "level": "INFO", "message": "Preference changed: name=extensions.settings, new_value=[object], source=unknown"}
{"logTime": "0929/125410", "level": "INFO", "message": "Preference changed: name=extensions.settings, new_value=[object], source=unknown"}
{"logTime": "0929/125410", "level": "INFO", "message": "Preference changed: name=profile.is_relative_to_aad, new_value=true, source=unknown"}
{"logTime": "0929/125410", "level": "INFO", "message": "Preference changed: name=extensions.install_signature, new_value=[object], source=unknown"}
{"logTime": "0929/125412", "level": "INFO", "message": "Preference changed: name=new_device_fre.imported_google_data_timestamp, new_value=\"13418279104391233\", source=sync"}
{"logTime": "0929/125412", "level": "INFO", "message": "Preference changed: name=instrumentation.bookmark_bar.show_only_on_ntp, new_value=\"edge::lightning::LightningWebView::TryShowFavoritesBar;false\", source=sync"}
{"logTime": "0929/125412", "level": "INFO", "message": "Preference changed: name=browser.show_hub_app_in_sidebar_buttons, new_value=[object], source=sync"}
{"logTime": "0929/125412", "level": "INFO", "message": "Preference changed: name=browser.edge_sidebar_visibility_debug, new_value=[object], source=sync"}
{"logTime": "0929/125412", "level": "INFO", "message": "Preference changed: name=edge.workspaces.migration.complete, new_value=true, source=sync"}
{"logTime": "0929/125412", "level": "INFO", "message": "Preference changed: name=browser.show_toolbar_spacework_button, new_value=false, source=sync"}
{"logTime": "0929/125412", "level": "INFO", "message": "Preference changed: name=edge.workspaces.storage.state, new_value=\"{\\\"app_folder_path\\\":\\\"\\\",\\\"container_id\\\":\\\"\\\",\\\"drive_id\\\":\\\"\\\",\\\"prefs_item_id\\\":\\\"\\\",\\\"storage_endpoint\\\":\\\"\\\",\\\"version\\\":3}\", source=sync"}
{"logTime": "0929/125412", "level": "INFO", "message": "Preference changed: name=edge.workspaces.state, new_value=\"\", source=sync"}
{"logTime": "0929/125412", "level": "INFO", "message": "Preference changed: name=edge.workspaces.storage.state, new_value=\"\", source=sync"}
{"logTime": "0929/125412", "level": "INFO", "message": "Preference changed: name=browser.edge_sidebar_visibility, new_value=[object], source=sync"}
{"logTime": "0929/125412", "level": "INFO", "message": "Preference changed: name=browser.edge_sidebar_visibility_debug, new_value=[object], source=sync"}
{"logTime": "0929/125412", "level": "INFO", "message": "Preference changed: name=ntp.show_greeting, new_value=true, source=sync"}
{"logTime": "0929/125412", "level": "INFO", "message": "Preference changed: name=browser.hub_app_preferences, new_value=[object], source=sync"}
{"logTime": "0929/125412", "level": "INFO", "message": "Preference changed: name=browser.edge_sidebar_visibility_debug, new_value=[object], source=sync"}
{"logTime": "0929/125412", "level": "INFO", "message": "Preference changed: name=edge_wallet.passwords.latest_password_usage_count, new_value=[object], source=sync"}
{"logTime": "0929/125412", "level": "INFO", "message": "Preference changed: name=ntp.hide_default_top_sites, new_value=false, source=sync"}
{"logTime": "0929/125412", "level": "INFO", "message": "Preference changed: name=profile.network_pbs, new_value=[object], source=sync"}
{"logTime": "0929/125412", "level": "INFO", "message": "Preference changed: name=profile.network_pbs, new_value=[object], source=sync"}
{"logTime": "0929/125412", "level": "INFO", "message": "Preference changed: name=user_experience_metrics.personalization_data_consent_enabled, new_value=true, source=sync"}
{"logTime": "0929/125412", "level": "INFO", "message": "Preference changed: name=user_experience_metrics.personalization_data_consent_enabled_last_known_value, new_value=true, source=sync"}
{"logTime": "0929/125412", "level": "INFO", "message": "Preference changed: name=shopping.pcb_supported, new_value=true, source=sync"}
{"logTime": "0929/125412", "level": "INFO", "message": "Preference changed: name=personalization_data_consent.personalization_in_context_consent_can_prompt, new_value=false, source=sync"}
{"logTime": "0929/125412", "level": "INFO", "message": "Preference changed: name=personalization_data_consent.personalization_in_context_has_prompted, new_value=false, source=sync"}
{"logTime": "0929/125412", "level": "INFO", "message": "Preference changed: name=profile.edge_user_with_non_zero_passwords, new_value=true, source=sync"}
{"logTime": "0929/125412", "level": "INFO", "message": "Preference changed: name=instrumentation.ntp.news_feed_display, new_value=\"extensions::NtpSettingsPrivateSetPrefFunction::Run;always\", source=sync"}
{"logTime": "0929/125412", "level": "INFO", "message": "Preference changed: name=sync_profile_info.edge_san_consent_last_shown_date, new_value=\"13418278887530615\", source=sync"}
{"logTime": "0929/125412", "level": "INFO", "message": "Preference changed: name=sync_profile_info.edge_san_is_option_explicitly_selectedby_user, new_value=false, source=sync"}
{"logTime": "0929/125412", "level": "INFO", "message": "Preference changed: name=read_aloud.last_used_time, new_value=\"13432236171311623\", source=sync"}
{"logTime": "0929/125412", "level": "INFO", "message": "Preference changed: name=intl.selected_languages, new_value=\"en-US,en,en-PH\", source=sync"}
{"logTime": "0929/125412", "level": "INFO", "message": "Preference changed: name=intl.accept_languages, new_value=\"en-US,en,en-PH\", source=sync"}
{"logTime": "0929/125412", "level": "INFO", "message": "Preference changed: name=collections.prism_collections.policy.cached, new_value=2, source=sync"}
{"logTime": "0929/125412", "level": "INFO", "message": "Preference changed: name=browser.editor_proofing_languages, new_value=[object], source=sync"}
{"logTime": "0929/125412", "level": "INFO", "message": "Preference changed: name=ntp.layout_mode, new_value=2, source=sync"}
{"logTime": "0929/125412", "level": "INFO", "message": "Preference changed: name=ntp.news_feed_display, new_value=\"always\", source=sync"}
{"logTime": "0929/125412", "level": "INFO", "message": "Preference changed: name=browser.enable_text_prediction_v2, new_value=true, source=sync"}
{"logTime": "0929/125412", "level": "INFO", "message": "Preference changed: name=personalization_data_consent.when_set, new_value=\"13418278887529481\", source=sync"}
{"logTime": "0929/125412", "level": "INFO", "message": "Preference changed: name=bookmark_bar.show_only_on_ntp, new_value=false, source=sync"}
{"logTime": "0929/125412", "level": "INFO", "message": "Preference changed: name=profile.edge_passwords_more_menu_label_shown, new_value=true, source=sync"}
{"logTime": "0929/125412", "level": "INFO", "message": "Preference changed: name=browser.editor_proofing_languages, new_value=[object], source=sync"}
{"logTime": "0929/125412", "level": "INFO", "message": "Preference changed: name=edge.spaceworks.should_show_post_migration_message, new_value=true, source=sync"}
{"logTime": "0929/125412", "level": "INFO", "message": "Preference changed: name=smart_explore.auto_cleanup_date, new_value=\"13421165727593860\", source=sync"}
{"logTime": "0929/125412", "level": "INFO", "message": "Preference changed: name=personalization_data_consent.how_set, new_value=2, source=sync"}
{"logTime": "0929/125412", "level": "INFO", "message": "Preference changed: name=ntp.quick_links_options, new_value=1, source=sync"}
{"logTime": "0929/125412", "level": "INFO", "message": "Preference changed: name=sync_profile_info.edge_san_consent_last_modified_date, new_value=\"13418278887530639\", source=sync"}
{"logTime": "0929/125412", "level": "INFO", "message": "Preference changed: name=bookmark_bar.show_on_all_tabs, new_value=true, source=sync"}
{"logTime": "0929/125412", "level": "INFO", "message": "Preference changed: name=collections.prism_collections.migration.accepted, new_value=true, source=sync"}
{"logTime": "0929/125412", "level": "INFO", "message": "Preference changed: name=ntp.record_user_choices, new_value=[object], source=sync"}
{"logTime": "0929/125412", "level": "INFO", "message": "Preference changed: name=browser.hub_cleanup_context_v2, new_value=[object], source=sync"}
{"logTime": "0929/125412", "level": "INFO", "message": "Preference changed: name=new_device_fre.imported_google_data, new_value=\"75\", source=sync"}
{"logTime": "0929/125412", "level": "INFO", "message": "Preference changed: name=edge.spaceworks.has_ever_used_spacework, new_value=true, source=sync"}
{"logTime": "0929/125412", "level": "INFO", "message": "Preference changed: name=browser.show_toolbar_spacework_button, new_value=false, source=sync"}
{"logTime": "0929/125412", "level": "INFO", "message": "Preference changed: name=instrumentation.bookmark_bar.show_on_all_tabs, new_value=\"edge::lightning::LightningWebView::TryShowFavoritesBar;true\", source=sync"}
{"logTime": "0929/125412", "level": "INFO", "message": "Preference changed: name=instrumentation.ntp.layout_mode, new_value=\"extensions::NtpSettingsPrivateSetPrefFunction::Run;2\", source=sync"}
{"logTime": "0929/125412", "level": "INFO", "message": "Preference changed: name=should_read_incoming_syncing_theme_prefs, new_value=false, source=unknown"}
{"logTime": "0929/125412", "level": "INFO", "message": "Preference changed: name=edge.workspaces.migration.last_state, new_value=9, source=unknown"}
{"logTime": "0929/125412", "level": "INFO", "message": "Preference changed: name=sync.transport_data_per_account, new_value=[object], source=unknown"}
{"logTime": "0929/125412", "level": "INFO", "message": "Preference changed: name=sync.transport_data_per_account, new_value=[object], source=unknown"}
{"logTime": "0929/125412", "level": "INFO", "message": "Preference changed: name=sync.transport_data_per_account, new_value=[object], source=unknown"}
{"logTime": "0929/125412", "level": "INFO", "message": "Preference changed: name=collections.prism_collections.enabled, new_value=0, source=unknown"}
{"logTime": "0929/125412", "level": "INFO", "message": "Preference changed: name=extensions.edge_default_installed_cws_extensions_update_frequency, new_value=13, source=unknown"}
{"logTime": "0929/125412", "level": "INFO", "message": "Preference changed: name=updateclientdata, new_value=[object], source=unknown"}
{"logTime": "0929/125412", "level": "INFO", "message": "Preference changed: name=updateclientdata, new_value=[object], source=unknown"}
{"logTime": "0929/125412", "level": "INFO", "message": "Preference changed: name=extensions.settings, new_value=[object], source=unknown"}
{"logTime": "0929/125413", "level": "INFO", "message": "Preference changed: name=extensions.settings, new_value=[object], source=unknown"}
{"logTime": "0929/125413", "level": "INFO", "message": "Preference changed: name=extensions.settings, new_value=[object], source=unknown"}
{"logTime": "0929/125413", "level": "INFO", "message": "Preference changed: name=extensions.settings, new_value=[object], source=unknown"}
{"logTime": "0929/125413", "level": "INFO", "message": "Preference changed: name=extensions.settings, new_value=[object], source=unknown"}
{"logTime": "0929/125413", "level": "INFO", "message": "Preference changed: name=extensions.settings, new_value=[object], source=unknown"}
{"logTime": "0929/125413", "level": "INFO", "message": "Preference changed: name=extensions.settings, new_value=[object], source=unknown"}
{"logTime": "0929/125413", "level": "INFO", "message": "Preference changed: name=extensions.settings, new_value=[object], source=unknown"}
{"logTime": "0929/125413", "level": "INFO", "message": "Preference changed: name=extensions.settings, new_value=[object], source=unknown"}
{"logTime": "0929/125413", "level": "INFO", "message": "Preference changed: name=extensions.settings, new_value=[object], source=unknown"}
{"logTime": "0929/125413", "level": "INFO", "message": "Preference changed: name=extensions.settings, new_value=[object], source=unknown"}
{"logTime": "0929/125413", "level": "INFO", "message": "Preference changed: name=extensions.settings, new_value=[object], source=unknown"}
{"logTime": "0929/125413", "level": "INFO", "message": "Preference changed: name=extensions.commands, new_value=[object], source=unknown"}
{"logTime": "0929/125413", "level": "INFO", "message": "Preference changed: name=extensions.settings, new_value=[object], source=unknown"}
{"logTime": "0929/125413", "level": "INFO", "message": "Preference changed: name=extensions.settings, new_value=[object], source=unknown"}
{"logTime": "0929/125413", "level": "INFO", "message": "Preference changed: name=extensions.settings, new_value=[object], source=unknown"}
{"logTime": "0929/125413", "level": "INFO", "message": "Preference changed: name=extensions.settings, new_value=[object], source=unknown"}
{"logTime": "0929/125413", "level": "INFO", "message": "Preference changed: name=extensions.settings, new_value=[object], source=unknown"}
{"logTime": "0929/125413", "level": "INFO", "message": "Preference changed: name=extensions.settings, new_value=[object], source=unknown"}
{"logTime": "0929/125413", "level": "INFO", "message": "Preference changed: name=extensions.settings, new_value=[object], source=unknown"}
{"logTime": "0929/125413", "level": "INFO", "message": "Preference changed: name=extensions.settings, new_value=[object], source=unknown"}
{"logTime": "0929/125413", "level": "INFO", "message": "Preference changed: name=extensions.settings, new_value=[object], source=unknown"}
{"logTime": "0929/125413", "level": "INFO", "message": "Preference changed: name=extensions.settings, new_value=[object], source=unknown"}
{"logTime": "0929/125413", "level": "INFO", "message": "Preference changed: name=extensions.settings, new_value=[object], source=unknown"}
{"logTime": "0929/125413", "level": "INFO", "message": "Preference changed: name=smart_explore.on_image_hover, new_value=false, source=unknown"}
{"logTime": "0929/125413", "level": "INFO", "message": "Preference changed: name=extensions.install_signature, new_value=[object], source=unknown"}
{"logTime": "0929/125414", "level": "INFO", "message": "Preference changed: name=profile.content_settings.exceptions.trackers_data, new_value=[object], source=unknown"}
{"logTime": "0929/125414", "level": "INFO", "message": "Preference changed: name=profile.content_settings.exceptions.trackers_data, new_value=[object], source=unknown"}
{"logTime": "0929/125414", "level": "INFO", "message": "Preference changed: name=language_model_counters, new_value=[object], source=unknown"}
{"logTime": "0929/125414", "level": "INFO", "message": "Preference changed: name=sync.transport_data_per_account, new_value=[object], source=unknown"}
{"logTime": "0929/125414", "level": "INFO", "message": "Preference changed: name=sync.transport_data_per_account, new_value=[object], source=unknown"}
{"logTime": "0929/125414", "level": "INFO", "message": "Preference changed: name=sync.transport_data_per_account, new_value=[object], source=unknown"}
{"logTime": "0929/125414", "level": "INFO", "message": "Preference changed: name=sync.transport_data_per_account, new_value=[object], source=unknown"}
{"logTime": "0929/125414", "level": "INFO", "message": "Preference changed: name=profile.content_settings.exceptions.trackers_data, new_value=[object], source=unknown"}
{"logTime": "0929/125415", "level": "INFO", "message": "Preference changed: name=profile.content_settings.exceptions.trackers_data, new_value=[object], source=unknown"}
{"logTime": "0929/125415", "level": "INFO", "message": "Preference changed: name=browser.edge_sidebar_visibility, new_value=[object], source=unknown"}
{"logTime": "0929/125415", "level": "INFO", "message": "Preference changed: name=browser.edge_sidebar_visibility, new_value=[object], source=unknown"}
{"logTime": "0929/125415", "level": "INFO", "message": "Preference changed: name=profile.content_settings.exceptions.trackers_data, new_value=[object], source=unknown"}
{"logTime": "0929/125416", "level": "INFO", "message": "Preference changed: name=profile.content_settings.exceptions.trackers_data, new_value=[object], source=unknown"}
{"logTime": "0929/125416", "level": "INFO", "message": "Preference changed: name=edge.bookmarks.last_dup_info_record_time, new_value=\"13435160056108324\", source=unknown"}
{"logTime": "0929/125416", "level": "INFO", "message": "Preference changed: name=profile.content_settings.exceptions.trackers_data, new_value=[object], source=unknown"}
{"logTime": "0929/125417", "level": "INFO", "message": "PrefStore write completed: store=4, success=true"}
{"logTime": "0929/125417", "level": "INFO", "message": "PrefStore write completed: store=4, success=true"}
{"logTime": "0929/125417", "level": "INFO", "message": "Preference changed: name=profile.content_settings.exceptions.trackers_data, new_value=[object], source=unknown"}
{"logTime": "0929/125418", "level": "INFO", "message": "Preference changed: name=arbitration_using_experiment_config, new_value=false, source=unknown"}
{"logTime": "0929/125418", "level": "INFO", "message": "Preference changed: name=profile.content_settings.exceptions.trackers_data, new_value=[object], source=unknown"}
{"logTime": "0929/125418", "level": "INFO", "message": "Preference changed: name=sync.transport_data_per_account, new_value=[object], source=unknown"}
{"logTime": "0929/125418", "level": "INFO", "message": "Preference changed: name=sync.transport_data_per_account, new_value=[object], source=unknown"}
{"logTime": "0929/125418", "level": "INFO", "message": "Preference changed: name=sync.transport_data_per_account, new_value=[object], source=unknown"}
{"logTime": "0929/125418", "level": "INFO", "message": "Preference changed: name=profile.content_settings.exceptions.trackers_data, new_value=[object], source=unknown"}
{"logTime": "0929/125419", "level": "INFO", "message": "Preference changed: name=sync.transport_data_per_account, new_value=[object], source=unknown"}
{"logTime": "0929/125419", "level": "INFO", "message": "Preference changed: name=sync.transport_data_per_account, new_value=[object], source=unknown"}
{"logTime": "0929/125419", "level": "INFO", "message": "Preference changed: name=sync.transport_data_per_account, new_value=[object], source=unknown"}
{"logTime": "0929/125420", "level": "INFO", "message": "Preference changed: name=toolbar_declutter.undo.last_time, new_value=\"13435160060902616\", source=unknown"}
{"logTime": "0929/125420", "level": "INFO", "message": "Preference changed: name=toolbar_declutter.new_user_cleanup_triggered, new_value=true, source=unknown"}
{"logTime": "0929/125420", "level": "INFO", "message": "Preference changed: name=in_product_help.session_last_active_time, new_value=\"13435160038926371\", source=unknown"}
{"logTime": "0929/125421", "level": "INFO", "message": "Preference changed: name=profile.content_settings.exceptions.trackers_data, new_value=[object], source=unknown"}
{"logTime": "0929/125421", "level": "INFO", "message": "Preference changed: name=extensions.settings, new_value=[object], source=unknown"}
{"logTime": "0929/125422", "level": "INFO", "message": "Preference changed: name=extensions.settings, new_value=[object], source=unknown"}
{"logTime": "0929/125422", "level": "INFO", "message": "Preference changed: name=extensions.settings, new_value=[object], source=unknown"}
{"logTime": "0929/125422", "level": "INFO", "message": "Preference changed: name=extensions.settings, new_value=[object], source=unknown"}
{"logTime": "0929/125422", "level": "INFO", "message": "Preference changed: name=extensions.settings, new_value=[object], source=unknown"}
{"logTime": "0929/125422", "level": "INFO", "message": "Preference changed: name=extensions.settings, new_value=[object], source=unknown"}
{"logTime": "0929/125422", "level": "INFO", "message": "Preference changed: name=extensions.settings, new_value=[object], source=unknown"}
{"logTime": "0929/125422", "level": "INFO", "message": "Preference changed: name=extensions.settings, new_value=[object], source=unknown"}
{"logTime": "0929/125422", "level": "INFO", "message": "Preference changed: name=extensions.settings, new_value=[object], source=unknown"}
{"logTime": "0929/125422", "level": "INFO", "message": "Preference changed: name=extensions.settings, new_value=[object], source=unknown"}
{"logTime": "0929/125422", "level": "INFO", "message": "Preference changed: name=extensions.settings, new_value=[object], source=unknown"}
{"logTime": "0929/125422", "level": "INFO", "message": "Preference changed: name=extensions.settings, new_value=[object], source=unknown"}
{"logTime": "0929/125422", "level": "INFO", "message": "Preference changed: name=extensions.settings, new_value=[object], source=unknown"}
{"logTime": "0929/125422", "level": "INFO", "message": "Preference changed: name=extensions.settings, new_value=[object], source=unknown"}
{"logTime": "0929/125422", "level": "INFO", "message": "Preference changed: name=extensions.settings, new_value=[object], source=unknown"}
{"logTime": "0929/125422", "level": "INFO", "message": "Preference changed: name=extensions.settings, new_value=[object], source=unknown"}
{"logTime": "0929/125422", "level": "INFO", "message": "Preference changed: name=extensions.settings, new_value=[object], source=unknown"}
{"logTime": "0929/125422", "level": "INFO", "message": "Preference changed: name=extensions.settings, new_value=[object], source=unknown"}
{"logTime": "0929/125422", "level": "INFO", "message": "Preference changed: name=extensions.settings, new_value=[object], source=unknown"}
{"logTime": "0929/125422", "level": "INFO", "message": "Preference changed: name=extensions.settings, new_value=[object], source=unknown"}
{"logTime": "0929/125422", "level": "INFO", "message": "Preference changed: name=extensions.settings, new_value=[object], source=unknown"}
{"logTime": "0929/125422", "level": "INFO", "message": "Preference changed: name=extensions.settings, new_value=[object], source=unknown"}
{"logTime": "0929/125422", "level": "INFO", "message": "Preference changed: name=extensions.settings, new_value=[object], source=unknown"}
{"logTime": "0929/125422", "level": "INFO", "message": "Preference changed: name=extensions.settings, new_value=[object], source=unknown"}
{"logTime": "0929/125422", "level": "INFO", "message": "Preference changed: name=extensions.settings, new_value=[object], source=unknown"}
{"logTime": "0929/125422", "level": "INFO", "message": "Preference changed: name=extensions.settings, new_value=[object], source=unknown"}
{"logTime": "0929/125422", "level": "INFO", "message": "Preference changed: name=extensions.settings, new_value=[object], source=unknown"}
{"logTime": "0929/125422", "level": "INFO", "message": "Preference changed: name=extensions.settings, new_value=[object], source=unknown"}
{"logTime": "0929/125422", "level": "INFO", "message": "Preference changed: name=extensions.settings, new_value=[object], source=unknown"}
{"logTime": "0929/125422", "level": "INFO", "message": "Preference changed: name=extensions.settings, new_value=[object], source=unknown"}
{"logTime": "0929/125422", "level": "INFO", "message": "Preference changed: name=extensions.settings, new_value=[object], source=unknown"}
{"logTime": "0929/125422", "level": "INFO", "message": "Preference changed: name=extensions.settings, new_value=[object], source=unknown"}
{"logTime": "0929/125422", "level": "INFO", "message": "Preference changed: name=extensions.settings, new_value=[object], source=unknown"}
{"logTime": "0929/125422", "level": "INFO", "message": "Preference changed: name=extensions.settings, new_value=[object], source=unknown"}
{"logTime": "0929/125422", "level": "INFO", "message": "Preference changed: name=extensions.settings, new_value=[object], source=unknown"}
{"logTime": "0929/125422", "level": "INFO", "message": "Preference changed: name=extensions.settings, new_value=[object], source=unknown"}
{"logTime": "0929/125422", "level": "INFO", "message": "Preference changed: name=extensions.settings, new_value=[object], source=unknown"}
{"logTime": "0929/125422", "level": "INFO", "message": "Preference changed: name=extensions.settings, new_value=[object], source=unknown"}
{"logTime": "0929/125422", "level": "INFO", "message": "Preference changed: name=extensions.settings, new_value=[object], source=unknown"}
{"logTime": "0929/125422", "level": "INFO", "message": "Preference changed: name=extensions.settings, new_value=[object], source=unknown"}
{"logTime": "0929/125422", "level": "INFO", "message": "Preference changed: name=extensions.settings, new_value=[object], source=unknown"}
{"logTime": "0929/125422", "level": "INFO", "message": "Preference changed: name=extensions.settings, new_value=[object], source=unknown"}
{"logTime": "0929/125422", "level": "INFO", "message": "Preference changed: name=extensions.settings, new_value=[object], source=unknown"}
{"logTime": "0929/125422", "level": "INFO", "message": "Preference changed: name=extensions.settings, new_value=[object], source=unknown"}
{"logTime": "0929/125422", "level": "INFO", "message": "Preference changed: name=extensions.settings, new_value=[object], source=unknown"}
{"logTime": "0929/125422", "level": "INFO", "message": "Preference changed: name=extensions.settings, new_value=[object], source=unknown"}
{"logTime": "0929/125422", "level": "INFO", "message": "Preference changed: name=extensions.settings, new_value=[object], source=unknown"}
{"logTime": "0929/125422", "level": "INFO", "message": "Preference changed: name=extensions.settings, new_value=[object], source=unknown"}
{"logTime": "0929/125422", "level": "INFO", "message": "Preference changed: name=extensions.settings, new_value=[object], source=unknown"}
{"logTime": "0929/125422", "level": "INFO", "message": "Preference changed: name=extensions.settings, new_value=[object], source=unknown"}
{"logTime": "0929/125422", "level": "INFO", "message": "Preference changed: name=extensions.settings, new_value=[object], source=unknown"}
{"logTime": "0929/125422", "level": "INFO", "message": "Preference changed: name=extensions.settings, new_value=[object], source=unknown"}
{"logTime": "0929/125422", "level": "INFO", "message": "Preference changed: name=extensions.settings, new_value=[object], source=unknown"}
{"logTime": "0929/125422", "level": "INFO", "message": "Preference changed: name=extensions.settings, new_value=[object], source=unknown"}
{"logTime": "0929/125422", "level": "INFO", "message": "Preference changed: name=extensions.settings, new_value=[object], source=unknown"}
{"logTime": "0929/125422", "level": "INFO", "message": "Preference changed: name=extensions.settings, new_value=[object], source=unknown"}
{"logTime": "0929/125422", "level": "INFO", "message": "Preference changed: name=extensions.settings, new_value=[object], source=unknown"}
{"logTime": "0929/125422", "level": "INFO", "message": "Preference changed: name=extensions.settings, new_value=[object], source=unknown"}
{"logTime": "0929/125422", "level": "INFO", "message": "Preference changed: name=extensions.settings, new_value=[object], source=unknown"}
{"logTime": "0929/125422", "level": "INFO", "message": "Preference changed: name=extensions.settings, new_value=[object], source=unknown"}
{"logTime": "0929/125422", "level": "INFO", "message": "Preference changed: name=extensions.settings, new_value=[object], source=unknown"}
{"logTime": "0929/125422", "level": "INFO", "message": "Preference changed: name=extensions.settings, new_value=[object], source=unknown"}
{"logTime": "0929/125422", "level": "INFO", "message": "Preference changed: name=extensions.settings, new_value=[object], source=unknown"}
{"logTime": "0929/125422", "level": "INFO", "message": "Preference changed: name=extensions.settings, new_value=[object], source=unknown"}
{"logTime": "0929/125422", "level": "INFO", "message": "Preference changed: name=extensions.settings, new_value=[object], source=unknown"}
{"logTime": "0929/125422", "level": "INFO", "message": "Preference changed: name=extensions.settings, new_value=[object], source=unknown"}
{"logTime": "0929/125422", "level": "INFO", "message": "Preference changed: name=extensions.settings, new_value=[object], source=unknown"}
{"logTime": "0929/125422", "level": "INFO", "message": "Preference changed: name=extensions.settings, new_value=[object], source=unknown"}
{"logTime": "0929/125422", "level": "INFO", "message": "Preference changed: name=extensions.settings, new_value=[object], source=unknown"}
{"logTime": "0929/125422", "level": "INFO", "message": "Preference changed: name=extensions.settings, new_value=[object], source=unknown"}
{"logTime": "0929/125422", "level": "INFO", "message": "Preference changed: name=extensions.settings, new_value=[object], source=unknown"}
{"logTime": "0929/125422", "level": "INFO", "message": "Preference changed: name=extensions.settings, new_value=[object], source=unknown"}
{"logTime": "0929/125422", "level": "INFO", "message": "Preference changed: name=extensions.settings, new_value=[object], source=unknown"}
{"logTime": "0929/125422", "level": "INFO", "message": "Preference changed: name=extensions.settings, new_value=[object], source=unknown"}
{"logTime": "0929/125422", "level": "INFO", "message": "Preference changed: name=extensions.settings, new_value=[object], source=unknown"}
{"logTime": "0929/125422", "level": "INFO", "message": "Preference changed: name=extensions.settings, new_value=[object], source=unknown"}
{"logTime": "0929/125422", "level": "INFO", "message": "Preference changed: name=extensions.settings, new_value=[object], source=unknown"}
{"logTime": "0929/125422", "level": "INFO", "message": "Preference changed: name=extensions.settings, new_value=[object], source=unknown"}
{"logTime": "0929/125422", "level": "INFO", "message": "Preference changed: name=extensions.settings, new_value=[object], source=unknown"}
{"logTime": "0929/125422", "level": "INFO", "message": "Preference changed: name=extensions.settings, new_value=[object], source=unknown"}
{"logTime": "0929/125422", "level": "INFO", "message": "Preference changed: name=extensions.settings, new_value=[object], source=unknown"}
{"logTime": "0929/125422", "level": "INFO", "message": "Preference changed: name=extensions.settings, new_value=[object], source=unknown"}
{"logTime": "0929/125422", "level": "INFO", "message": "Preference changed: name=extensions.settings, new_value=[object], source=unknown"}
{"logTime": "0929/125422", "level": "INFO", "message": "Preference changed: name=extensions.settings, new_value=[object], source=unknown"}
{"logTime": "0929/125422", "level": "INFO", "message": "Preference changed: name=extensions.settings, new_value=[object], source=unknown"}
{"logTime": "0929/125422", "level": "INFO", "message": "Preference changed: name=extensions.settings, new_value=[object], source=unknown"}
{"logTime": "0929/125422", "level": "INFO", "message": "Preference changed: name=extensions.settings, new_value=[object], source=unknown"}
{"logTime": "0929/125422", "level": "INFO", "message": "Preference changed: name=extensions.settings, new_value=[object], source=unknown"}
{"logTime": "0929/125422", "level": "INFO", "message": "Preference changed: name=extensions.settings, new_value=[object], source=unknown"}
{"logTime": "0929/125422", "level": "INFO", "message": "Preference changed: name=extensions.settings, new_value=[object], source=unknown"}
{"logTime": "0929/125422", "level": "INFO", "message": "Preference changed: name=extensions.settings, new_value=[object], source=unknown"}
{"logTime": "0929/125422", "level": "INFO", "message": "Preference changed: name=extensions.settings, new_value=[object], source=unknown"}
{"logTime": "0929/125422", "level": "INFO", "message": "Preference changed: name=extensions.settings, new_value=[object], source=unknown"}
{"logTime": "0929/125422", "level": "INFO", "message": "Preference changed: name=extensions.settings, new_value=[object], source=unknown"}
{"logTime": "0929/125422", "level": "INFO", "message": "Preference changed: name=extensions.settings, new_value=[object], source=unknown"}
{"logTime": "0929/125422", "level": "INFO", "message": "Preference changed: name=extensions.settings, new_value=[object], source=unknown"}
{"logTime": "0929/125422", "level": "INFO", "message": "Preference changed: name=extensions.settings, new_value=[object], source=unknown"}
{"logTime": "0929/125422", "level": "INFO", "message": "Preference changed: name=extensions.settings, new_value=[object], source=unknown"}
{"logTime": "0929/125422", "level": "INFO", "message": "Preference changed: name=extensions.settings, new_value=[object], source=unknown"}
{"logTime": "0929/125422", "level": "INFO", "message": "Preference changed: name=extensions.settings, new_value=[object], source=unknown"}
{"logTime": "0929/125422", "level": "INFO", "message": "Preference changed: name=extensions.settings, new_value=[object], source=unknown"}
{"logTime": "0929/125422", "level": "INFO", "message": "Preference changed: name=extensions.settings, new_value=[object], source=unknown"}
{"logTime": "0929/125422", "level": "INFO", "message": "Preference changed: name=extensions.settings, new_value=[object], source=unknown"}
{"logTime": "0929/125422", "level": "INFO", "message": "Preference changed: name=extensions.settings, new_value=[object], source=unknown"}
{"logTime": "0929/125422", "level": "INFO", "message": "Preference changed: name=extensions.settings, new_value=[object], source=unknown"}
{"logTime": "0929/125422", "level": "INFO", "message": "Preference changed: name=extensions.settings, new_value=[object], source=unknown"}
{"logTime": "0929/125422", "level": "INFO", "message": "Preference changed: name=extensions.settings, new_value=[object], source=unknown"}
{"logTime": "0929/125422", "level": "INFO", "message": "Preference changed: name=extensions.settings, new_value=[object], source=unknown"}
{"logTime": "0929/125422", "level": "INFO", "message": "Preference changed: name=extensions.settings, new_value=[object], source=unknown"}
{"logTime": "0929/125422", "level": "INFO", "message": "Preference changed: name=extensions.settings, new_value=[object], source=unknown"}
{"logTime": "0929/125422", "level": "INFO", "message": "Preference changed: name=extensions.settings, new_value=[object], source=unknown"}
{"logTime": "0929/125422", "level": "INFO", "message": "Preference changed: name=extensions.settings, new_value=[object], source=unknown"}
{"logTime": "0929/125422", "level": "INFO", "message": "Preference changed: name=extensions.settings, new_value=[object], source=unknown"}
{"logTime": "0929/125422", "level": "INFO", "message": "Preference changed: name=extensions.settings, new_value=[object], source=unknown"}
{"logTime": "0929/125422", "level": "INFO", "message": "Preference changed: name=extensions.settings, new_value=[object], source=unknown"}
{"logTime": "0929/125422", "level": "INFO", "message": "Preference changed: name=extensions.settings, new_value=[object], source=unknown"}
{"logTime": "0929/125422", "level": "INFO", "message": "Preference changed: name=extensions.settings, new_value=[object], source=unknown"}
{"logTime": "0929/125422", "level": "INFO", "message": "Preference changed: name=extensions.settings, new_value=[object], source=unknown"}
{"logTime": "0929/125422", "level": "INFO", "message": "Preference changed: name=extensions.settings, new_value=[object], source=unknown"}
{"logTime": "0929/125422", "level": "INFO", "message": "Preference changed: name=extensions.settings, new_value=[object], source=unknown"}
{"logTime": "0929/125422", "level": "INFO", "message": "Preference changed: name=extensions.settings, new_value=[object], source=unknown"}
{"logTime": "0929/125422", "level": "INFO", "message": "Preference changed: name=extensions.settings, new_value=[object], source=unknown"}
{"logTime": "0929/125422", "level": "INFO", "message": "Preference changed: name=extensions.settings, new_value=[object], source=unknown"}
{"logTime": "0929/125422", "level": "INFO", "message": "Preference changed: name=extensions.settings, new_value=[object], source=unknown"}
{"logTime": "0929/125422", "level": "INFO", "message": "Preference changed: name=extensions.settings, new_value=[object], source=unknown"}
{"logTime": "0929/125422", "level": "INFO", "message": "Preference changed: name=extensions.settings, new_value=[object], source=unknown"}
{"logTime": "0929/125422", "level": "INFO", "message": "Preference changed: name=extensions.settings, new_value=[object], source=unknown"}
{"logTime": "0929/125422", "level": "INFO", "message": "Preference changed: name=extensions.settings, new_value=[object], source=unknown"}
{"logTime": "0929/125422", "level": "INFO", "message": "Preference changed: name=extensions.settings, new_value=[object], source=unknown"}
{"logTime": "0929/125422", "level": "INFO", "message": "Preference changed: name=extensions.settings, new_value=[object], source=unknown"}
{"logTime": "0929/125422", "level": "INFO", "message": "Preference changed: name=extensions.settings, new_value=[object], source=unknown"}
{"logTime": "0929/125422", "level": "INFO", "message": "Preference changed: name=extensions.settings, new_value=[object], source=unknown"}
{"logTime": "0929/125422", "level": "INFO", "message": "Preference changed: name=extensions.settings, new_value=[object], source=unknown"}
{"logTime": "0929/125422", "level": "INFO", "message": "Preference changed: name=extensions.settings, new_value=[object], source=unknown"}
{"logTime": "0929/125422", "level": "INFO", "message": "Preference changed: name=extensions.settings, new_value=[object], source=unknown"}
{"logTime": "0929/125422", "level": "INFO", "message": "Preference changed: name=extensions.settings, new_value=[object], source=unknown"}
{"logTime": "0929/125422", "level": "INFO", "message": "Preference changed: name=extensions.settings, new_value=[object], source=unknown"}
{"logTime": "0929/125422", "level": "INFO", "message": "Preference changed: name=extensions.settings, new_value=[object], source=unknown"}
{"logTime": "0929/125422", "level": "INFO", "message": "Preference changed: name=extensions.settings, new_value=[object], source=unknown"}
{"logTime": "0929/125422", "level": "INFO", "message": "Preference changed: name=extensions.settings, new_value=[object], source=unknown"}
{"logTime": "0929/125422", "level": "INFO", "message": "Preference changed: name=extensions.settings, new_value=[object], source=unknown"}
{"logTime": "0929/125422", "level": "INFO", "message": "Preference changed: name=extensions.settings, new_value=[object], source=unknown"}
{"logTime": "0929/125422", "level": "INFO", "message": "Preference changed: name=extensions.settings, new_value=[object], source=unknown"}
{"logTime": "0929/125422", "level": "INFO", "message": "Preference changed: name=extensions.settings, new_value=[object], source=unknown"}
{"logTime": "0929/125422", "level": "INFO", "message": "Preference changed: name=extensions.settings, new_value=[object], source=unknown"}
{"logTime": "0929/125422", "level": "INFO", "message": "Preference changed: name=extensions.settings, new_value=[object], source=unknown"}
{"logTime": "0929/125422", "level": "INFO", "message": "Preference changed: name=extensions.settings, new_value=[object], source=unknown"}
{"logTime": "0929/125422", "level": "INFO", "message": "Preference changed: name=extensions.settings, new_value=[object], source=unknown"}
{"logTime": "0929/125422", "level": "INFO", "message": "Preference changed: name=extensions.settings, new_value=[object], source=unknown"}
{"logTime": "0929/125422", "level": "INFO", "message": "Preference changed: name=extensions.settings, new_value=[object], source=unknown"}
{"logTime": "0929/125422", "level": "INFO", "message": "Preference changed: name=extensions.settings, new_value=[object], source=unknown"}
{"logTime": "0929/125422", "level": "INFO", "message": "Preference changed: name=extensions.settings, new_value=[object], source=unknown"}
{"logTime": "0929/125422", "level": "INFO", "message": "Preference changed: name=extensions.settings, new_value=[object], source=unknown"}
{"logTime": "0929/125422", "level": "INFO", "message": "Preference changed: name=extensions.settings, new_value=[object], source=unknown"}
{"logTime": "0929/125422", "level": "INFO", "message": "Preference changed: name=extensions.settings, new_value=[object], source=unknown"}
{"logTime": "0929/125422", "level": "INFO", "message": "Preference changed: name=extensions.settings, new_value=[object], source=unknown"}
{"logTime": "0929/125422", "level": "INFO", "message": "Preference changed: name=extensions.settings, new_value=[object], source=unknown"}
{"logTime": "0929/125422", "level": "INFO", "message": "Preference changed: name=extensions.settings, new_value=[object], source=unknown"}
{"logTime": "0929/125422", "level": "INFO", "message": "Preference changed: name=extensions.settings, new_value=[object], source=unknown"}
{"logTime": "0929/125422", "level": "INFO", "message": "Preference changed: name=extensions.settings, new_value=[object], source=unknown"}
{"logTime": "0929/125422", "level": "INFO", "message": "Preference changed: name=extensions.settings, new_value=[object], source=unknown"}
{"logTime": "0929/125422", "level": "INFO", "message": "Preference changed: name=extensions.settings, new_value=[object], source=unknown"}
{"logTime": "0929/125422", "level": "INFO", "message": "Preference changed: name=extensions.settings, new_value=[object], source=unknown"}
{"logTime": "0929/125422", "level": "INFO", "message": "Preference changed: name=extensions.settings, new_value=[object], source=unknown"}
{"logTime": "0929/125422", "level": "INFO", "message": "Preference changed: name=extensions.settings, new_value=[object], source=unknown"}
{"logTime": "0929/125422", "level": "INFO", "message": "Preference changed: name=extensions.settings, new_value=[object], source=unknown"}
{"logTime": "0929/125422", "level": "INFO", "message": "Preference changed: name=extensions.settings, new_value=[object], source=unknown"}
{"logTime": "0929/125422", "level": "INFO", "message": "Preference changed: name=extensions.settings, new_value=[object], source=unknown"}
{"logTime": "0929/125422", "level": "INFO", "message": "Preference changed: name=extensions.settings, new_value=[object], source=unknown"}
{"logTime": "0929/125422", "level": "INFO", "message": "Preference changed: name=extensions.settings, new_value=[object], source=unknown"}
{"logTime": "0929/125422", "level": "INFO", "message": "Preference changed: name=extensions.settings, new_value=[object], source=unknown"}
{"logTime": "0929/125422", "level": "INFO", "message": "Preference changed: name=extensions.settings, new_value=[object], source=unknown"}
{"logTime": "0929/125422", "level": "INFO", "message": "Preference changed: name=extensions.settings, new_value=[object], source=unknown"}
{"logTime": "0929/125422", "level": "INFO", "message": "Preference changed: name=extensions.settings, new_value=[object], source=unknown"}
{"logTime": "0929/125422", "level": "INFO", "message": "Preference changed: name=extensions.settings, new_value=[object], source=unknown"}
{"logTime": "0929/125422", "level": "INFO", "message": "Preference changed: name=extensions.settings, new_value=[object], source=unknown"}
{"logTime": "0929/125422", "level": "INFO", "message": "Preference changed: name=extensions.settings, new_value=[object], source=unknown"}
{"logTime": "0929/125422", "level": "INFO", "message": "Preference changed: name=extensions.settings, new_value=[object], source=unknown"}
{"logTime": "0929/125422", "level": "INFO", "message": "Preference changed: name=extensions.settings, new_value=[object], source=unknown"}
{"logTime": "0929/125422", "level": "INFO", "message": "Preference changed: name=extensions.settings, new_value=[object], source=unknown"}
{"logTime": "0929/125422", "level": "INFO", "message": "Preference changed: name=extensions.settings, new_value=[object], source=unknown"}
{"logTime": "0929/125422", "level": "INFO", "message": "Preference changed: name=extensions.settings, new_value=[object], source=unknown"}
{"logTime": "0929/125422", "level": "INFO", "message": "Preference changed: name=extensions.settings, new_value=[object], source=unknown"}
{"logTime": "0929/125422", "level": "INFO", "message": "Preference changed: name=extensions.settings, new_value=[object], source=unknown"}
{"logTime": "0929/125422", "level": "INFO", "message": "Preference changed: name=extensions.settings, new_value=[object], source=unknown"}
{"logTime": "0929/125422", "level": "INFO", "message": "Preference changed: name=extensions.settings, new_value=[object], source=unknown"}
{"logTime": "0929/125422", "level": "INFO", "message": "Preference changed: name=extensions.settings, new_value=[object], source=unknown"}
{"logTime": "0929/125422", "level": "INFO", "message": "Preference changed: name=extensions.settings, new_value=[object], source=unknown"}
{"logTime": "0929/125422", "level": "INFO", "message": "Preference changed: name=extensions.settings, new_value=[object], source=unknown"}
{"logTime": "0929/125422", "level": "INFO", "message": "Preference changed: name=extensions.settings, new_value=[object], source=unknown"}
{"logTime": "0929/125422", "level": "INFO", "message": "Preference changed: name=extensions.settings, new_value=[object], source=unknown"}
{"logTime": "0929/125422", "level": "INFO", "message": "Preference changed: name=extensions.settings, new_value=[object], source=unknown"}
{"logTime": "0929/125422", "level": "INFO", "message": "Preference changed: name=extensions.settings, new_value=[object], source=unknown"}
{"logTime": "0929/125422", "level": "INFO", "message": "Preference changed: name=extensions.settings, new_value=[object], source=unknown"}
{"logTime": "0929/125422", "level": "INFO", "message": "Preference changed: name=extensions.settings, new_value=[object], source=unknown"}
{"logTime": "0929/125422", "level": "INFO", "message": "Preference changed: name=extensions.settings, new_value=[object], source=unknown"}
{"logTime": "0929/125422", "level": "INFO", "message": "Preference changed: name=extensions.settings, new_value=[object], source=unknown"}
{"logTime": "0929/125422", "level": "INFO", "message": "Preference changed: name=extensions.settings, new_value=[object], source=unknown"}
{"logTime": "0929/125422", "level": "INFO", "message": "Preference changed: name=extensions.settings, new_value=[object], source=unknown"}
{"logTime": "0929/125422", "level": "INFO", "message": "Preference changed: name=extensions.settings, new_value=[object], source=unknown"}
{"logTime": "0929/125422", "level": "INFO", "message": "Preference changed: name=extensions.settings, new_value=[object], source=unknown"}
{"logTime": "0929/125422", "level": "INFO", "message": "Preference changed: name=extensions.settings, new_value=[object], source=unknown"}
{"logTime": "0929/125422", "level": "INFO", "message": "Preference changed: name=extensions.settings, new_value=[object], source=unknown"}
{"logTime": "0929/125422", "level": "INFO", "message": "Preference changed: name=extensions.settings, new_value=[object], source=unknown"}
{"logTime": "0929/125422", "level": "INFO", "message": "Preference changed: name=extensions.settings, new_value=[object], source=unknown"}
{"logTime": "0929/125422", "level": "INFO", "message": "Preference changed: name=extensions.settings, new_value=[object], source=unknown"}
{"logTime": "0929/125422", "level": "INFO", "message": "Preference changed: name=extensions.settings, new_value=[object], source=unknown"}
{"logTime": "0929/125422", "level": "INFO", "message": "Preference changed: name=extensions.settings, new_value=[object], source=unknown"}
{"logTime": "0929/125422", "level": "INFO", "message": "Preference changed: name=extensions.settings, new_value=[object], source=unknown"}
{"logTime": "0929/125422", "level": "INFO", "message": "Preference changed: name=extensions.settings, new_value=[object], source=unknown"}
{"logTime": "0929/125422", "level": "INFO", "message": "Preference changed: name=extensions.settings, new_value=[object], source=unknown"}
{"logTime": "0929/125422", "level": "INFO", "message": "Preference changed: name=extensions.settings, new_value=[object], source=unknown"}
{"logTime": "0929/125422", "level": "INFO", "message": "Preference changed: name=extensions.settings, new_value=[object], source=unknown"}
{"logTime": "0929/125422", "level": "INFO", "message": "Preference changed: name=extensions.settings, new_value=[object], source=unknown"}
{"logTime": "0929/125422", "level": "INFO", "message": "Preference changed: name=extensions.settings, new_value=[object], source=unknown"}
{"logTime": "0929/125422", "level": "INFO", "message": "Preference changed: name=extensions.settings, new_value=[object], source=unknown"}
{"logTime": "0929/125422", "level": "INFO", "message": "Preference changed: name=extensions.settings, new_value=[object], source=unknown"}
{"logTime": "0929/125422", "level": "INFO", "message": "Preference changed: name=extensions.settings, new_value=[object], source=unknown"}
{"logTime": "0929/125422", "level": "INFO", "message": "Preference changed: name=extensions.settings, new_value=[object], source=unknown"}
{"logTime": "0929/125422", "level": "INFO", "message": "Preference changed: name=extensions.settings, new_value=[object], source=unknown"}
{"logTime": "0929/125422", "level": "INFO", "message": "Preference changed: name=extensions.settings, new_value=[object], source=unknown"}
{"logTime": "0929/125422", "level": "INFO", "message": "Preference changed: name=extensions.settings, new_value=[object], source=unknown"}
{"logTime": "0929/125422", "level": "INFO", "message": "Preference changed: name=extensions.settings, new_value=[object], source=unknown"}
{"logTime": "0929/125422", "level": "INFO", "message": "Preference changed: name=extensions.settings, new_value=[object], source=unknown"}
{"logTime": "0929/125422", "level": "INFO", "message": "Preference changed: name=extensions.settings, new_value=[object], source=unknown"}
{"logTime": "0929/125422", "level": "INFO", "message": "Preference changed: name=extensions.settings, new_value=[object], source=unknown"}
{"logTime": "0929/125422", "level": "INFO", "message": "Preference changed: name=extensions.settings, new_value=[object], source=unknown"}
{"logTime": "0929/125422", "level": "INFO", "message": "Preference changed: name=extensions.settings, new_value=[object], source=unknown"}
{"logTime": "0929/125422", "level": "INFO", "message": "Preference changed: name=extensions.settings, new_value=[object], source=unknown"}
{"logTime": "0929/125422", "level": "INFO", "message": "Preference changed: name=extensions.settings, new_value=[object], source=unknown"}
{"logTime": "0929/125422", "level": "INFO", "message": "Preference changed: name=extensions.settings, new_value=[object], source=unknown"}
{"logTime": "0929/125422", "level": "INFO", "message": "Preference changed: name=extensions.settings, new_value=[object], source=unknown"}
{"logTime": "0929/125422", "level": "INFO", "message": "Preference changed: name=extensions.settings, new_value=[object], source=unknown"}
{"logTime": "0929/125422", "level": "INFO", "message": "Preference changed: name=extensions.settings, new_value=[object], source=unknown"}
{"logTime": "0929/125422", "level": "INFO", "message": "Preference changed: name=extensions.settings, new_value=[object], source=unknown"}
{"logTime": "0929/125422", "level": "INFO", "message": "Preference changed: name=extensions.settings, new_value=[object], source=unknown"}
{"logTime": "0929/125422", "level": "INFO", "message": "Preference changed: name=extensions.settings, new_value=[object], source=unknown"}
{"logTime": "0929/125422", "level": "INFO", "message": "Preference changed: name=extensions.settings, new_value=[object], source=unknown"}
{"logTime": "0929/125422", "level": "INFO", "message": "Preference changed: name=extensions.settings, new_value=[object], source=unknown"}
{"logTime": "0929/125422", "level": "INFO", "message": "Preference changed: name=extensions.settings, new_value=[object], source=unknown"}
{"logTime": "0929/125422", "level": "INFO", "message": "Preference changed: name=extensions.settings, new_value=[object], source=unknown"}
{"logTime": "0929/125422", "level": "INFO", "message": "Preference changed: name=extensions.settings, new_value=[object], source=unknown"}
{"logTime": "0929/125422", "level": "INFO", "message": "Preference changed: name=extensions.settings, new_value=[object], source=unknown"}
{"logTime": "0929/125422", "level": "INFO", "message": "Preference changed: name=extensions.settings, new_value=[object], source=unknown"}
{"logTime": "0929/125422", "level": "INFO", "message": "Preference changed: name=extensions.settings, new_value=[object], source=unknown"}
{"logTime": "0929/125422", "level": "INFO", "message": "Preference changed: name=extensions.settings, new_value=[object], source=unknown"}
{"logTime": "0929/125422", "level": "INFO", "message": "Preference changed: name=extensions.settings, new_value=[object], source=unknown"}
{"logTime": "0929/125422", "level": "INFO", "message": "Preference changed: name=extensions.settings, new_value=[object], source=unknown"}
{"logTime": "0929/125422", "level": "INFO", "message": "Preference changed: name=extensions.settings, new_value=[object], source=unknown"}
{"logTime": "0929/125422", "level": "INFO", "message": "Preference changed: name=extensions.settings, new_value=[object], source=unknown"}
{"logTime": "0929/125422", "level": "INFO", "message": "Preference changed: name=extensions.settings, new_value=[object], source=unknown"}
{"logTime": "0929/125422", "level": "INFO", "message": "Preference changed: name=browser.edge_sidebar_visibility_debug, new_value=[object], source=unknown"}
{"logTime": "0929/125422", "level": "INFO", "message": "Preference changed: name=browser.hub_app_non_synced_preferences, new_value=[object], source=unknown"}
{"logTime": "0929/125422", "level": "INFO", "message": "Preference changed: name=browser.hub_app_non_synced_preferences, new_value=[object], source=unknown"}
{"logTime": "0929/125422", "level": "INFO", "message": "Preference changed: name=browser.hub_app_non_synced_preferences, new_value=[object], source=unknown"}
{"logTime": "0929/125422", "level": "INFO", "message": "Preference changed: name=browser.hub_app_non_synced_preferences, new_value=[object], source=unknown"}
{"logTime": "0929/125422", "level": "INFO", "message": "Preference changed: name=browser.hub_app_non_synced_preferences, new_value=[object], source=unknown"}
{"logTime": "0929/125422", "level": "INFO", "message": "Preference changed: name=browser.hub_app_non_synced_preferences, new_value=[object], source=unknown"}
{"logTime": "0929/125422", "level": "INFO", "message": "Preference changed: name=browser.hub_app_non_synced_preferences, new_value=[object], source=unknown"}
{"logTime": "0929/125422", "level": "INFO", "message": "Preference changed: name=browser.hub_app_non_synced_preferences, new_value=[object], source=unknown"}
{"logTime": "0929/125422", "level": "INFO", "message": "Preference changed: name=browser.hub_app_non_synced_preferences, new_value=[object], source=unknown"}
{"logTime": "0929/125422", "level": "INFO", "message": "Preference changed: name=browser.hub_app_non_synced_preferences, new_value=[object], source=unknown"}
{"logTime": "0929/125422", "level": "INFO", "message": "Preference changed: name=browser.hub_app_non_synced_preferences, new_value=[object], source=unknown"}
{"logTime": "0929/125422", "level": "INFO", "message": "Preference changed: name=browser.hub_app_non_synced_preferences, new_value=[object], source=unknown"}
{"logTime": "0929/125422", "level": "INFO", "message": "Preference changed: name=browser.hub_app_non_synced_preferences, new_value=[object], source=unknown"}
{"logTime": "0929/125422", "level": "INFO", "message": "Preference changed: name=browser.hub_app_non_synced_preferences, new_value=[object], source=unknown"}
{"logTime": "0929/125422", "level": "INFO", "message": "Preference changed: name=browser.hub_app_non_synced_preferences, new_value=[object], source=unknown"}
{"logTime": "0929/125422", "level": "INFO", "message": "Preference changed: name=browser.hub_app_non_synced_preferences, new_value=[object], source=unknown"}
{"logTime": "0929/125422", "level": "INFO", "message": "Preference changed: name=browser.hub_app_non_synced_preferences, new_value=[object], source=unknown"}
{"logTime": "0929/125422", "level": "INFO", "message": "Preference changed: name=browser.hub_app_non_synced_preferences, new_value=[object], source=unknown"}
{"logTime": "0929/125422", "level": "INFO", "message": "Preference changed: name=browser.hub_app_non_synced_preferences, new_value=[object], source=unknown"}
{"logTime": "0929/125422", "level": "INFO", "message": "Preference changed: name=browser.hub_app_non_synced_preferences, new_value=[object], source=unknown"}
{"logTime": "0929/125422", "level": "INFO", "message": "Preference changed: name=browser.hub_app_non_synced_preferences, new_value=[object], source=unknown"}
{"logTime": "0929/125422", "level": "INFO", "message": "Preference changed: name=browser.hub_app_non_synced_preferences, new_value=[object], source=unknown"}
{"logTime": "0929/125422", "level": "INFO", "message": "Preference changed: name=browser.hub_app_non_synced_preferences, new_value=[object], source=unknown"}
{"logTime": "0929/125422", "level": "INFO", "message": "Preference changed: name=browser.hub_app_non_synced_preferences, new_value=[object], source=unknown"}
{"logTime": "0929/125422", "level": "INFO", "message": "Preference changed: name=browser.hub_app_non_synced_preferences, new_value=[object], source=unknown"}
{"logTime": "0929/125422", "level": "INFO", "message": "Preference changed: name=browser.hub_app_non_synced_preferences, new_value=[object], source=unknown"}
{"logTime": "0929/125422", "level": "INFO", "message": "Preference changed: name=browser.hub_app_non_synced_preferences, new_value=[object], source=unknown"}
{"logTime": "0929/125422", "level": "INFO", "message": "Preference changed: name=browser.hub_cleanup_candidate_list_for_debug, new_value=[object], source=unknown"}
{"logTime": "0929/125422", "level": "INFO", "message": "Preference changed: name=browser.hub_cleanup_candidate_list_for_debug, new_value=[object], source=unknown"}
{"logTime": "0929/125427", "level": "INFO", "message": "PrefStore write completed: store=4, success=true"}
{"logTime": "0929/125431", "level": "INFO", "message": "PrefStore write completed: store=4, success=true"}
{"logTime": "0929/125435", "level": "INFO", "message": "Preference changed: name=edge_wallet.passwords.password_lost_report_date, new_value=\"13435160075644283\", source=unknown"}
{"logTime": "0929/125435", "level": "INFO", "message": "Preference changed: name=profile.last_time_password_store_metrics_reported, new_value=1790686475.644378, source=unknown"}
{"logTime": "0929/125435", "level": "INFO", "message": "Preference changed: name=total_passwords_available_for_account, new_value=0, source=unknown"}
{"logTime": "0929/125435", "level": "INFO", "message": "Preference changed: name=total_passwords_available_for_profile, new_value=0, source=unknown"}
{"logTime": "0929/125435", "level": "INFO", "message": "Preference changed: name=sync.device_statistics_timestamp, new_value=\"13435160075957147\", source=unknown"}
{"logTime": "0929/125445", "level": "INFO", "message": "PrefStore write completed: store=4, success=true"}
{"logTime": "0929/125450", "level": "INFO", "message": "Preference changed: name=in_product_help.session_last_active_time, new_value=\"13435160090956029\", source=unknown"}
